CREATE DATABASE  IF NOT EXISTS `hommiestore` /*!40100 DEFAULT CHARACTER SET utf8mb4 COLLATE utf8mb4_0900_ai_ci */ /*!80016 DEFAULT ENCRYPTION='N' */;
USE `hommiestore`;

-- MySQL dump 10.13  Distrib 8.0.30, for Win64 (x86_64)
--
-- Host: localhost    Database: hommiestore
-- ------------------------------------------------------
-- Server version	8.0.30

/*!40101 SET @OLD_CHARACTER_SET_CLIENT=@@CHARACTER_SET_CLIENT */;
/*!40101 SET @OLD_CHARACTER_SET_RESULTS=@@CHARACTER_SET_RESULTS */;
/*!40101 SET @OLD_COLLATION_CONNECTION=@@COLLATION_CONNECTION */;
/*!50503 SET NAMES utf8 */;
/*!40103 SET @OLD_TIME_ZONE=@@TIME_ZONE */;
/*!40103 SET TIME_ZONE='+00:00' */;
/*!40014 SET @OLD_UNIQUE_CHECKS=@@UNIQUE_CHECKS, UNIQUE_CHECKS=0 */;
/*!40014 SET @OLD_FOREIGN_KEY_CHECKS=@@FOREIGN_KEY_CHECKS, FOREIGN_KEY_CHECKS=0 */;
/*!40101 SET @OLD_SQL_MODE=@@SQL_MODE, SQL_MODE='NO_AUTO_VALUE_ON_ZERO' */;
/*!40111 SET @OLD_SQL_NOTES=@@SQL_NOTES, SQL_NOTES=0 */;

--
-- Table structure for table `cart`
--

DROP TABLE IF EXISTS `cart`;
/*!40101 SET @saved_cs_client     = @@character_set_client */;
/*!50503 SET character_set_client = utf8mb4 */;
CREATE TABLE `cart` (
  `id` int NOT NULL AUTO_INCREMENT,
  `email` varchar(320) NOT NULL,
  `product_id` int NOT NULL,
  `quantity` int NOT NULL DEFAULT '1',
  `last_time_update` datetime DEFAULT NULL,
  PRIMARY KEY (`id`),
  UNIQUE KEY `unique_key_email_product` (`email`,`product_id`),
  KEY `fk_product_idx` (`product_id`),
  KEY `fk_cart_user_idx` (`email`),
  CONSTRAINT `fk_cart_product` FOREIGN KEY (`product_id`) REFERENCES `product` (`id`),
  CONSTRAINT `fk_cart_user` FOREIGN KEY (`email`) REFERENCES `user` (`email`) ON UPDATE CASCADE
) ENGINE=InnoDB AUTO_INCREMENT=201 DEFAULT CHARSET=utf8mb3;
/*!40101 SET character_set_client = @saved_cs_client */;

--
-- Dumping data for table `cart`
--

LOCK TABLES `cart` WRITE;
/*!40000 ALTER TABLE `cart` DISABLE KEYS */;
INSERT INTO `cart` VALUES (73,'theanh@gmail.com',63,1,'2023-06-18 20:15:48'),(127,'customer@gmail.com',62,1,'2023-07-19 23:41:00'),(133,'leminh@gmail.com',55,1,'2023-07-19 23:43:08'),(199,'dd2023k@gmail.com',85,10,'2023-07-27 13:31:19');
/*!40000 ALTER TABLE `cart` ENABLE KEYS */;
UNLOCK TABLES;

--
-- Table structure for table `category`
--

DROP TABLE IF EXISTS `category`;
/*!40101 SET @saved_cs_client     = @@character_set_client */;
/*!50503 SET character_set_client = utf8mb4 */;
CREATE TABLE `category` (
  `id` int NOT NULL AUTO_INCREMENT,
  `name` varchar(45) NOT NULL,
  `status` bit(1) DEFAULT b'1',
  PRIMARY KEY (`id`),
  UNIQUE KEY `name_UNIQUE` (`name`)
) ENGINE=InnoDB AUTO_INCREMENT=23 DEFAULT CHARSET=utf8mb3;
/*!40101 SET character_set_client = @saved_cs_client */;

--
-- Dumping data for table `category`
--

LOCK TABLES `category` WRITE;
/*!40000 ALTER TABLE `category` DISABLE KEYS */;
INSERT INTO `category` VALUES (1,'Cốc Sứ',_binary ''),(2,'Đồ Chơi',_binary ''),(3,'Đồng Hồ',_binary ''),(4,'Đèn Ngủ',_binary ''),(5,'Khung Ảnh',_binary ''),(6,'Hộp Bút',_binary ''),(22,'Cầu tuyết',_binary '');
/*!40000 ALTER TABLE `category` ENABLE KEYS */;
UNLOCK TABLES;

--
-- Table structure for table `order_detail`
--

DROP TABLE IF EXISTS `order_detail`;
/*!40101 SET @saved_cs_client     = @@character_set_client */;
/*!50503 SET character_set_client = utf8mb4 */;
CREATE TABLE `order_detail` (
  `id` int NOT NULL AUTO_INCREMENT,
  `order_id` int DEFAULT NULL,
  `product_id` int DEFAULT NULL,
  `price` float DEFAULT NULL,
  `quantity` int DEFAULT NULL,
  `feedback` varchar(400) DEFAULT NULL,
  `rating` float DEFAULT NULL,
  `feedback_time` datetime DEFAULT NULL,
  PRIMARY KEY (`id`),
  KEY `fk_order_idx` (`order_id`),
  KEY `fk_product_idx` (`product_id`),
  CONSTRAINT `fk_order_detail_order` FOREIGN KEY (`order_id`) REFERENCES `orders` (`id`) ON DELETE CASCADE ON UPDATE CASCADE,
  CONSTRAINT `fk_order_detail_product` FOREIGN KEY (`product_id`) REFERENCES `product` (`id`)
) ENGINE=InnoDB AUTO_INCREMENT=192 DEFAULT CHARSET=utf8mb3;
/*!40101 SET character_set_client = @saved_cs_client */;

--
-- Dumping data for table `order_detail`
--

LOCK TABLES `order_detail` WRITE;
/*!40000 ALTER TABLE `order_detail` DISABLE KEYS */;
INSERT INTO `order_detail` VALUES (54,32,59,60000,2,NULL,NULL,NULL),(57,34,53,25000,1,NULL,NULL,NULL),(73,45,61,29000,2,NULL,5,'2023-06-27 19:40:58'),(74,46,63,40000,1,NULL,0,'2023-06-26 22:20:11'),(75,47,22,199000,2,NULL,5,NULL),(76,48,10,139000,1,'Sản phẩm khá ok!',4,'2023-06-26 21:40:26'),(77,49,55,350000,3,NULL,5,'2023-06-26 14:22:21'),(78,50,61,29000,3,NULL,0,'2023-06-26 21:39:35'),(79,50,58,95000,2,NULL,0,'2023-06-26 21:39:35'),(80,51,63,40000,10,NULL,0,'2023-06-26 22:20:01'),(81,51,19,329000,1,NULL,0,'2023-06-26 22:20:01'),(82,52,62,45000,1,NULL,0,NULL),(83,53,37,120000,1,NULL,0,NULL),(84,54,53,25000,2,NULL,0,NULL),(85,55,55,350000,1,NULL,0,'2023-06-27 19:40:43'),(86,55,54,389000,1,NULL,0,'2023-06-27 19:40:43'),(87,56,59,60000,4,NULL,0,'2023-06-27 20:21:04'),(88,56,38,199000,1,NULL,0,'2023-06-27 20:21:04'),(97,62,47,199000,1,NULL,0,NULL),(98,62,60,70000,1,NULL,0,NULL),(99,62,61,29000,1,NULL,0,NULL),(100,63,61,29000,4,NULL,0,NULL),(101,64,34,390000,1,NULL,0,NULL),(102,64,54,389000,1,NULL,0,NULL),(103,65,59,60000,1,NULL,0,NULL),(104,65,51,32000,1,NULL,0,NULL),(105,65,53,25000,1,NULL,0,NULL),(106,66,18,149000,1,NULL,0,NULL),(107,67,21,219000,1,NULL,5,'2023-07-19 23:52:35'),(108,67,22,199000,1,NULL,5,'2023-07-19 23:52:35'),(109,68,62,45000,1,NULL,5,'2023-07-19 23:52:29'),(110,69,54,389000,3,NULL,4,'2023-07-19 23:52:25'),(111,70,58,95000,1,NULL,4,'2023-07-19 23:52:22'),(112,70,61,29000,1,NULL,3,'2023-07-19 23:52:22'),(113,70,62,45000,1,NULL,3,'2023-07-19 23:52:22'),(114,71,26,250000,1,NULL,0,NULL),(115,72,27,290000,1,NULL,0,NULL),(116,72,33,199000,1,NULL,0,NULL),(117,73,42,390000,1,NULL,0,NULL),(118,74,16,299000,1,NULL,0,NULL),(119,74,17,69000,1,NULL,0,NULL),(120,75,6,119000,2,NULL,0,NULL),(121,76,48,169000,1,NULL,0,NULL),(122,76,50,75000,1,NULL,0,NULL),(123,77,53,25000,1,NULL,0,NULL),(124,77,55,350000,1,NULL,0,NULL),(125,78,53,25000,1,NULL,0,NULL),(126,79,29,290000,1,NULL,0,NULL),(127,79,33,199000,1,NULL,0,NULL),(128,80,28,250000,1,NULL,0,NULL),(129,80,27,290000,1,NULL,0,NULL),(130,81,7,149000,1,NULL,0,NULL),(131,81,6,119000,1,NULL,0,NULL),(132,82,53,25000,2,'Ko hay',3,'2023-07-25 20:51:31'),(133,83,10,139000,1,NULL,0,NULL),(134,83,8,199000,1,NULL,0,NULL),(135,83,9,199000,1,NULL,0,NULL),(136,84,17,69000,1,NULL,0,NULL),(137,84,27,290000,1,NULL,0,NULL),(138,85,30,290000,1,NULL,0,NULL),(139,85,29,290000,1,NULL,0,NULL),(140,86,7,149000,1,NULL,0,NULL),(141,86,6,119000,1,NULL,0,NULL),(142,87,37,120000,1,NULL,0,NULL),(143,87,51,32000,1,NULL,0,NULL),(144,87,53,25000,1,NULL,0,NULL),(145,88,61,29000,1,NULL,0,NULL),(147,89,60,70000,1,NULL,0,NULL),(148,90,53,25000,1,NULL,0,NULL),(149,90,54,389000,1,NULL,0,NULL),(150,90,51,32000,2,NULL,0,NULL),(151,91,28,250000,1,NULL,0,NULL),(152,91,27,290000,1,NULL,0,NULL),(153,92,22,199000,2,NULL,0,NULL),(154,92,21,219000,1,NULL,0,NULL),(155,93,16,299000,2,NULL,0,NULL),(156,94,18,149000,1,NULL,0,NULL),(157,94,19,329000,1,NULL,0,NULL),(158,95,15,259000,1,NULL,0,NULL),(159,95,20,185000,1,NULL,0,NULL),(160,96,28,250000,1,NULL,0,NULL),(161,96,30,290000,1,NULL,0,NULL),(162,96,32,250000,1,NULL,0,NULL),(163,97,19,329000,1,NULL,0,NULL),(164,97,20,185000,1,NULL,0,NULL),(165,98,34,390000,1,NULL,0,NULL),(166,98,33,199000,1,NULL,0,NULL),(167,99,60,70000,1,NULL,0,'2023-07-26 00:09:11'),(168,100,61,29000,1,NULL,0,NULL),(169,101,25,380000,1,NULL,0,NULL),(170,102,32,250000,1,NULL,0,'2023-07-26 00:09:06'),(171,103,60,70000,1,NULL,0,NULL),(172,103,61,29000,1,NULL,0,NULL),(173,104,80,89000,1,NULL,0,'2023-07-26 21:59:40'),(174,104,59,190000,2,NULL,0,'2023-07-26 21:59:40'),(175,105,55,40000,1,'Đóng gói cẩn thận, sản phẩm đẹp!!!',5,'2023-07-27 08:49:03'),(176,105,78,139000,1,'',5,'2023-07-27 08:49:03'),(177,106,7,199000,1,'Sản phẩm ok!!!',5,'2023-07-27 08:48:44'),(178,106,55,40000,2,NULL,5,'2023-07-27 08:48:44'),(179,107,75,85000,1,'Ok lắm nhe!!!',5,'2023-07-27 11:17:42'),(180,108,55,40000,2,'Tốt!!!',5,'2023-07-27 08:52:38'),(181,109,12,149000,1,NULL,0,'2023-07-27 11:17:19'),(182,109,30,199000,1,NULL,0,'2023-07-27 11:17:19'),(183,110,73,320000,1,NULL,0,NULL),(184,110,83,199000,1,NULL,0,NULL),(185,111,55,40000,1,'Tuyệt zời!',5,'2023-07-27 11:42:16'),(186,112,79,119000,1,NULL,NULL,NULL),(187,113,77,240000,1,NULL,NULL,NULL),(188,114,27,250000,1,NULL,NULL,NULL),(189,114,74,50000,1,NULL,NULL,NULL),(190,115,62,150000,1,NULL,NULL,NULL),(191,116,83,199000,1,NULL,NULL,NULL);
/*!40000 ALTER TABLE `order_detail` ENABLE KEYS */;
UNLOCK TABLES;

--
-- Table structure for table `orders`
--

DROP TABLE IF EXISTS `orders`;
/*!40101 SET @saved_cs_client     = @@character_set_client */;
/*!50503 SET character_set_client = utf8mb4 */;
CREATE TABLE `orders` (
  `id` int NOT NULL AUTO_INCREMENT,
  `email` varchar(320) NOT NULL,
  `shipping_order_code` varchar(45) DEFAULT NULL,
  `shipping_method` int DEFAULT NULL,
  `shipping_fee` float DEFAULT NULL,
  `name` varchar(64) DEFAULT NULL,
  `phone` varchar(20) DEFAULT NULL,
  `address` varchar(400) DEFAULT NULL,
  `ward_code` int DEFAULT NULL,
  `district_id` int DEFAULT NULL,
  `province_id` int DEFAULT NULL,
  `order_time` datetime DEFAULT NULL,
  `message` varchar(400) DEFAULT NULL,
  `payment_id` int DEFAULT NULL,
  `status` varchar(20) DEFAULT NULL,
  `comment` varchar(200) DEFAULT NULL,
  `last_updated_time` datetime DEFAULT NULL,
  `expected_delivery_time` datetime DEFAULT NULL,
  `is_evaluated` tinyint DEFAULT NULL,
  PRIMARY KEY (`id`),
  KEY `fk_payment_method_idx` (`payment_id`),
  KEY `fk_user_idx` (`email`),
  CONSTRAINT `fk_order_payment_method` FOREIGN KEY (`payment_id`) REFERENCES `payment_method` (`id`),
  CONSTRAINT `fk_order_user` FOREIGN KEY (`email`) REFERENCES `user` (`email`) ON UPDATE CASCADE
) ENGINE=InnoDB AUTO_INCREMENT=117 DEFAULT CHARSET=utf8mb3;
/*!40101 SET character_set_client = @saved_cs_client */;

--
-- Dumping data for table `orders`
--

LOCK TABLES `orders` WRITE;
/*!40000 ALTER TABLE `orders` DISABLE KEYS */;
INSERT INTO `orders` VALUES (49,'dd2023k@gmail.com',NULL,2,0,'Duy Đức','0934968393','ĐH FPT, Q9, \nPhường Long Thạnh Mỹ, \nQuận 9, \nTP. Hồ Chí Minh',20904,1451,202,'2023-06-26 14:22:17','',1,'CANCELLED',NULL,'2023-06-26 14:22:21','2023-06-28 14:22:17',0),(50,'dd2023k@gmail.com',NULL,2,21670,'Duy Đức','0934968393','Đường D1, \nPhường Long Thạnh Mỹ, \nQuận 9, \nTP. Hồ Chí Minh',20904,1451,202,'2023-06-26 21:38:01','',2,'CANCELLED',NULL,'2023-06-26 21:39:35','2023-06-27 23:59:59',0),(51,'dd2023k@gmail.com',NULL,2,21670,'Duy Đức','0934968393','ĐH FPT, \nPhường Long Thạnh Mỹ, \nQuận 9, \nTP. Hồ Chí Minh',20904,1451,202,'2023-06-26 22:19:06','',2,'CANCELLED',NULL,'2023-06-26 22:20:01','2023-06-27 23:59:59',0),(52,'dd2023k@gmail.com',NULL,2,22770,'Quyết Trần','0934955435','Quyet Tran Home, Hẻm 12, Đường 16, \nPhường Tân Hưng Thuận, \nQuận 12, \nTP. Hồ Chí Minh',21205,1454,202,'2023-07-22 19:40:12','Chúc cậu một mùa hè vui vẻ!!!',1,'SUCCESSFUL',NULL,'2023-07-22 19:40:12','2023-06-27 23:59:59',0),(53,'dd2023k@gmail.com',NULL,2,21671,'Thiêm Lộc','0939968357','NHV Sinh Viên, Làng Đại Học, \nPhường Dĩ An, \nThành phố Dĩ An, \nBình Dương',440504,1540,205,'2023-07-22 11:44:14','Try your best!!!',1,'SUCCESSFUL',NULL,'2023-07-22 11:44:14','2023-06-28 23:59:59',0),(62,'tranlinhlg1112@gmail.com',NULL,2,0,'Tran CuongQuyet','0356970686','TEst gì đó, \nPhường Mân Thái, \nQuận Sơn Trà, \nĐà Nẵng',40304,1528,203,'2023-07-22 00:04:04','Cám ơn em',1,'REFUSED',NULL,'2023-07-22 00:04:04','2023-07-18 00:02:49',0),(63,'tranlinhlg1112@gmail.com',NULL,2,0,'Anh Minh','0356970386','266/13/11, \nPhường Xuân Trung, \nThành phố Long Khánh, \nĐồng Nai',480606,1692,204,'2023-07-23 23:43:40','Con cám ơn mẹ',1,'SUCCESSFUL',NULL,'2023-07-23 23:43:40','2023-07-20 23:43:40',0),(64,'tranquyet02588x1112002@gmail.com',NULL,2,0,'Cô Ly','0356970686','266/13/11, \nXã Bảo Quang, \nThành phố Long Khánh, \nĐồng Nai',480607,1692,204,'2023-07-23 15:54:54','Hehe',1,'SUCCESSFUL',NULL,'2023-07-23 15:54:54','2023-07-18 00:06:31',0),(65,'tranquyet02588x1112002@gmail.com',NULL,2,0,'Minh Ánh','0356970686','266/13/11, \nXã An Long, \nHuyện Phú Giáo, \nBình Dương',440604,1992,205,'2023-07-24 00:10:31','',1,'REFUSED',NULL,'2023-07-24 00:10:31','2023-07-18 00:06:51',0),(66,'tranquyet02588x1112002@gmail.com',NULL,2,0,'Minh Tuyết','0356970686','266/13/11, \nPhường Hòa Thọ Đông, \nQuận Cẩm Lệ, \nĐà Nẵng',40703,1531,203,'2023-07-24 23:52:35','',1,'SUCCESSFUL',NULL,'2023-07-24 15:54:54','2023-07-18 00:07:07',0),(67,'tranquyet02588x1112002@gmail.com',NULL,2,0,'Hà Trang','0356970686','266/13/11, \nPhường 4, \nQuận 3, \nTP. Hồ Chí Minh',20304,1444,202,'2023-07-23 23:52:29','asd',1,'SUCCESSFUL',NULL,'2023-07-24 23:52:35','2023-07-18 00:07:19',1),(68,'tranquyet02588x1112002@gmail.com',NULL,2,0,'Minh Phạm','0356970686','266/13/11, \nPhường 6, \nQuận 10, \nTP. Hồ Chí Minh',21006,1452,202,'2023-07-23 23:52:29','',1,'SUCCESSFUL',NULL,'2023-07-23 23:52:29','2023-07-18 00:07:30',1),(69,'tranquyet02588x1112002@gmail.com',NULL,2,0,'Thành Luân','0356970686','266/13/11, \nXã Núi Tượng, \nHuyện Tân Phú, \nĐồng Nai',480304,1693,204,'2023-07-23 23:52:25','',1,'SUCCESSFUL',NULL,'2023-07-23 23:52:25','2023-07-18 00:07:52',1),(70,'tranquyet02588x1112002@gmail.com',NULL,2,0,'Thế Anh','0356970686','266/13/11, \nXã Định Hiệp, \nHuyện Dầu Tiếng, \nBình Dương',440704,1746,205,'2023-07-24 00:10:02','',1,'SUCCESSFUL',NULL,'2023-07-23 23:52:22','2023-07-18 00:08:17',1),(71,'tranwibu02588@gmail.com',NULL,2,0,'Hoàng Lê','0356970686','266/13/11, \nPhường 9, \nQuận 6, \nTP. Hồ Chí Minh',20609,1448,202,'2023-07-22 15:54:54','',1,'REFUSED',NULL,'2023-07-24 00:10:02','2023-07-18 00:08:56',0),(72,'tranwibu02588@gmail.com',NULL,2,0,'Kali Trần','0356970686','266/13/11, \nXã Cam Hiệp Bắc, \nHuyện Cam Lâm, \nKhánh Hòa',410906,1902,208,'2023-07-23 15:54:54','',1,'SUCCESSFUL',NULL,'2023-07-22 15:54:54','2023-07-18 00:09:05',0),(73,'tranwibu02588@gmail.com',NULL,2,0,'Anh Thư','0356970686','266/13/11, \nPhường Hòa Khánh Nam, \nQuận Liên Chiểu, \nĐà Nẵng',40504,1530,203,'2023-07-23 15:54:54','',1,'SUCCESSFUL',NULL,'2023-07-23 15:54:54','2023-07-18 00:09:17',0),(74,'tranwibu02588@gmail.com',NULL,2,0,'Hạ Thanh','0356970686','266/13/11, \nPhường Hoà Quý, \nQuận Ngũ Hành Sơn, \nĐà Nẵng',40402,1529,203,'2023-07-23 15:54:54','',1,'SUCCESSFUL',NULL,'2023-07-23 15:54:54','2023-07-18 00:09:38',0),(75,'customer@gmail.com',NULL,2,0,'Thành Đạt','0356970686','266/13/11, \nPhường An Phú, \nThành phố Thuận An, \nBình Dương',440401,1541,205,'2023-07-24 23:40:43','',1,'SUCCESSFUL',NULL,'2023-07-24 23:40:43','2023-07-20 23:40:43',0),(76,'leminh@gmail.com',NULL,2,23871,'Tố Uyên','0356970686','266/13/11, \nXã An Long, \nHuyện Phú Giáo, \nBình Dương',440604,1992,205,'2023-07-25 12:06:32','',1,'SUCCESSFUL',NULL,'2023-07-25 12:06:32','2023-07-27 12:06:32',0),(77,'leminh@gmail.com',NULL,2,21670,'Minh Giang','0356970686','TEst gì đó, \nPhường 4, \nQuận 4, \nTP. Hồ Chí Minh',20404,1446,202,'2023-07-25 12:06:32','',1,'SUCCESSFUL',NULL,'2023-07-25 20:48:29','2023-07-26 20:48:29',0),(78,'leminh@gmail.com',NULL,2,0,'Giang Đặng','0356970686','266/13/11, \nPhường Thới Hòa, \nThị xã Bến Cát, \nBình Dương',440205,1696,205,'2023-07-25 12:06:32','',1,'FAIL',NULL,'2023-07-25 20:48:29','2023-07-26 20:48:29',0),(79,'quyetle@gmail.com',NULL,2,43671,'Lê Thư','0356970686','266/13/11, \nPhường Hoà Quý, \nQuận Ngũ Hành Sơn, \nĐà Nẵng',40402,1529,203,'2023-07-25 12:06:32','',1,'SUCCESSFUL',NULL,'2023-07-25 20:48:29','2023-07-26 20:48:29',0),(80,'quyetle@gmail.com',NULL,2,0,'Tiên Trần','0356970686','266/13/11, \nXã Hòa Bình, \nHuyện Xuyên Mộc, \nBà Rịa - Vũng Tàu',520306,1699,206,'2023-07-25 12:06:32','',1,'SUCCESSFUL',NULL,'2023-07-24 20:48:29','2023-07-26 20:48:29',0),(81,'tranlinhlg1112@gmail.com',NULL,2,22771,'Wowy Phạm','0356970686','266/13/11, \nXã Đá Bạc, \nHuyện Châu Đức, \nBà Rịa - Vũng Tàu',520707,1709,206,'2023-07-24 12:06:32','',1,'SUCCESSFUL',NULL,'2023-07-24 20:48:29','2023-07-26 20:48:29',0),(82,'tranlinhlg1112@gmail.com',NULL,2,0,'Ánh Ngọc','0356970686','266/13/11, \nXã Hòa Bình, \nHuyện Xuyên Mộc, \nBà Rịa - Vũng Tàu',520306,1699,206,'2023-07-24 12:06:32','',1,'SUCCESSFUL',NULL,'2023-07-24 20:51:31','2023-07-26 20:48:29',1),(83,'tranwibu02588@gmail.com',NULL,2,23871,'Le Thanh','0356970686','266/13/11, \nXã Cẩm Đường, \nHuyện Long Thành, \nĐồng Nai',480806,1694,204,'2023-07-24 12:06:32','',1,'SUCCESSFUL',NULL,'2023-07-24 20:48:29','2023-07-26 20:48:29',0),(84,'tranwibu02588@gmail.com',NULL,2,23871,'Anh Thành','0356970686','266/13/11, \nPhường Xuân Hoà, \nThành phố Long Khánh, \nĐồng Nai',480604,1692,204,'2023-07-24 12:06:32','',1,'REFUSED',NULL,'2023-07-24 23:48:54','2023-07-20 23:59:59',0),(85,'tranwibu02588@gmail.com',NULL,2,0,'Thien Hoang','0356970686','266/13/11, \nPhường Mân Thái, \nQuận Sơn Trà, \nĐà Nẵng',40304,1528,203,'2023-07-26 12:06:32','',1,'SUCCESSFUL',NULL,'2023-07-25 20:48:29','2023-07-26 20:48:29',0),(86,'hommiesstorettdq@gmail.com',NULL,2,21671,'Nguyen Hoang Thien','0356709823','266/13/11, \nPhường Đông Hòa, \nThành phố Dĩ An, \nBình Dương',440505,1540,205,'2023-07-26 20:47:05','Gửi Em',1,'SUCCESSFUL',NULL,'2023-07-26 21:05:51','2023-07-26 23:59:59',0),(87,'hommiesstorettdq@gmail.com',NULL,2,0,'Nguyen tan','0352532155','266/13/11, \nXã Ân Hòa, \nHuyện Kim Sơn, \nNinh Bình',270703,3205,233,'2023-07-27 00:48:02','haha ',1,'SUCCESSFUL',NULL,'2023-07-27 11:18:14','2023-07-27 20:48:02',0),(88,'hommiesstorettdq@gmail.com',NULL,2,43671,'Nhi Phạm','0356970686','266/13/11, \nPhường Hoà Quý, \nQuận Ngũ Hành Sơn, \nĐà Nẵng',40402,1529,203,'2023-07-27 02:48:20','',1,'DELIVERYING',NULL,'2023-07-26 12:06:32','2023-07-28 23:59:59',0),(89,'tranlinhlg1112@gmail.com',NULL,2,0,'Trần Thành','0356970686','266/13/11, \nXã Bình Minh, \nHuyện Trảng Bom, \nĐồng Nai',481005,1691,204,'2023-07-25 20:50:41','',1,'SUCCESSFUL',NULL,'2023-07-27 11:18:47','2023-07-27 20:50:41',0),(90,'tranlinhlg1112@gmail.com',NULL,2,23871,'Anh Minh','0356970686','266/13/11, \nXã Bình Sơn, \nHuyện Long Thành, \nĐồng Nai',480805,1694,204,'2023-07-25 20:50:57','',1,'SUCCESSFUL',NULL,'2023-07-26 21:05:51','2023-07-26 23:59:59',0),(91,'tranlinhlg1112@gmail.com',NULL,2,23871,'Minh Tuấn','0356970686','266/13/11, \nXã Phong Phú, \nHuyện Cầu Kè, \nTrà Vinh',580307,2091,214,'2023-07-25 20:51:19','',1,'SUCCESSFUL',NULL,'2023-07-26 21:05:51','2023-07-26 23:59:59',0),(92,'adasdamgoodwin@example.org',NULL,2,56871,'Phạm Hương','0356970686','266/13/11, \nXã Quế Thọ, \nHuyện Hiệp Đức, \nQuảng Nam',340710,2139,243,'2023-07-25 20:52:55','',1,'DELIVERYING',NULL,'2023-07-26 12:06:25','2023-07-28 23:59:59',0),(93,'adasdamgoodwin@example.org',NULL,2,0,'Hương Giang','0356970686','266/13/11, \nXã Quảng Thạch, \nHuyện Quảng Trạch, \nQuảng Bình',310413,3258,237,'2023-07-25 20:53:21','Haha',1,'SUCCESSFUL',NULL,'2023-07-27 11:18:47','2023-07-27 20:53:21',0),(94,'adasdamgoodwin@example.org',NULL,2,22771,'Lê Minh Toàn','0356970686','266/13/11, \nXã Tân Hải, \nThị Xã Phú Mỹ, \nBà Rịa - Vũng Tàu',520607,1701,206,'2023-07-25 20:53:51','hahaa',1,'SUCCESSFUL',NULL,'2023-07-26 20:21:51','2023-07-26 23:59:59',0),(95,'adasdamgoodwin@example.org',NULL,2,23871,'Lê Anh','0356970686','266/13/11, \nXã Tân Long Hội, \nHuyện Mang Thít, \nVĩnh Long',570313,2164,215,'2023-07-25 20:54:10','à ',1,'SUCCESSFUL',NULL,'2023-07-26 20:21:51','2023-07-26 23:59:59',0),(96,'ambermassey@example.org',NULL,2,56871,'Tố Như','0356970686','266/13/11, \nXã Thanh Lương, \nThị xã Nghĩa Lộ, \nYên Bái',800256,2063,263,'2023-07-26 00:05:14','heheehe Anh ieu em nhiều lắm',1,'DELIVERYING',NULL,'2023-07-26 12:06:25','2023-07-28 23:59:59',0),(97,'ambermassey@example.org',NULL,2,23871,'Như Quỳnh','0356970686','266/13/11, \nXã Hòa Lễ, \nHuyện Krông Bông, \nĐắk Lắk',401107,1789,210,'2023-07-26 00:05:39','haha ',1,'DELIVERYING',NULL,'2023-07-26 12:06:25','2023-07-28 23:59:59',0),(98,'ambermassey@example.org',NULL,2,0,'Ly Lê','0356970686','266/13/11, \nXã Quảng Ngãi, \nHuyện Cát Tiên, \nLâm Đồng',420909,3146,209,'2023-07-26 00:06:02','',1,'DELIVERYING',NULL,'2023-07-26 12:06:25','2023-07-28 00:06:02',0),(99,'hommiesstorettdq@gmail.com',NULL,2,0,'Mạnh Hoàng','0356970686','266/13/11, \nXã Bình An, \nHuyện Long Thành, \nĐồng Nai',480804,1694,204,'2023-07-26 00:08:15','',1,'CANCELLED',NULL,'2023-07-26 00:09:11','2023-07-28 00:08:15',0),(100,'hommiesstorettdq@gmail.com',NULL,2,23871,'Gia Bảo','0356970686','266/13/11, \nXã Tân Quới Trung, \nHuyện Vũng Liêm, \nVĩnh Long',570710,2263,215,'2023-07-26 00:08:28','',1,'REFUSED','','2023-07-26 00:09:24','2023-07-26 23:59:59',0),(101,'hommiesstorettdq@gmail.com',NULL,2,21671,'Cương Trần','0356970686','266/13/11, \nPhường 10, \nThành phố Mỹ Tho, \nTiền Giang',530102,1556,212,'2023-07-26 00:08:51','',1,'REFUSED','','2023-07-26 00:09:30','2023-07-26 23:59:59',0),(102,'hommiesstorettdq@gmail.com',NULL,2,0,'Lệ An','0356970686','266/13/11, \nXã Ia Sao, \nThị xã Ayun Pa, \nGia Lai',381008,1798,207,'2023-07-26 00:09:00','',1,'CANCELLED',NULL,'2023-07-26 00:09:06','2023-07-28 00:09:00',0),(103,'dd2023k@gmail.com',NULL,2,23871,'Anh Minh','0356970686','266/13/11, \nPhường Ninh Thủy, \nThị xã Ninh Hòa, \nKhánh Hòa',410307,2061,208,'2023-07-26 00:11:52','',1,'SUCCESSFUL',NULL,'2023-07-27 13:34:37','2023-07-27 23:59:59',0),(104,'dd2023k@gmail.com',NULL,2,18700,'Thế Anh','0937968356','121 Đường 16, \nPhường Tân Phú, \nQuận 9, \nTP. Hồ Chí Minh',20910,1451,202,'2023-07-26 21:58:36','',2,'CANCELLED',NULL,'2023-07-26 21:59:40','2023-07-27 23:59:59',0),(105,'dd2023k@gmail.com','LL8H6B',2,19800,'Lê Minh','0937968356','12 Đường 17, \nPhường Tân Hưng Thuận, \nQuận 12, \nTP. Hồ Chí Minh',21205,1454,202,'2023-07-27 08:34:53','',1,'SUCCESSFUL',NULL,'2023-07-27 08:49:03','2023-07-27 23:59:59',0),(106,'dd2023k@gmail.com','LL8H63',2,18701,'Ngọc Anh','0934968397','172 Đường Nguyễn Công Trứ, \nPhường Phước Hiệp, \nThành phố Bà Rịa, \nBà Rịa - Vũng Tàu',520205,1667,206,'2023-07-27 08:37:17','',1,'SUCCESSFUL',NULL,'2023-07-27 08:48:44','2023-07-28 23:59:59',0),(107,'dd2023k@gmail.com',NULL,2,18700,'Ánh Linh','0933248397','12 Đường số 15, \nPhường Phước Long A, \nQuận 9, \nTP. Hồ Chí Minh',20908,1451,202,'2023-07-27 08:39:02','',2,'DELIVERYING','','2023-07-27 11:17:42','2023-07-27 23:59:59',0),(108,'quyetle@gmail.com','LL8H64',2,19800,'Hoàng Anh','0933223123','Đường 12 Nguyễn Huệ, \nPhường Tân Hưng Thuận, \nQuận 12, \nTP. Hồ Chí Minh',21205,1454,202,'2023-07-27 08:51:20','....',1,'SUCCESSFUL',NULL,'2023-07-27 08:52:38','2023-07-27 23:59:59',0),(109,'dd2023k@gmail.com',NULL,2,19800,'Thế Anh','0934964577','12 Đường 14, \nPhường Hiệp Thành, \nQuận 12, \nTP. Hồ Chí Minh',21203,1454,202,'2023-07-27 11:16:24','',2,'CANCELLED',NULL,'2023-07-27 11:17:19','2023-07-27 23:59:59',0),(110,'dd2023k@gmail.com','LL8HNN',2,0,'Thế Anh','0934968393','Tam Thanh, \nPhường 3, \nThành phố Vĩnh Long, \nVĩnh Long',570103,1562,215,'2023-07-27 11:20:07','',1,'SUCCESSFUL','','2023-07-27 11:22:17','2023-07-29 11:20:07',0),(111,'minhdang12331@gmail.com',NULL,2,18701,'Ánh Trần','0934968356','121 Đường 17, \nPhường Long Tâm, \nThành phố Bà Rịa, \nBà Rịa - Vũng Tàu',520203,1667,206,'2023-07-27 11:41:27','',1,'SUCCESSFUL',NULL,'2023-07-27 11:42:16','2023-07-28 23:59:59',1),(112,'dd2023k@gmail.com',NULL,2,20901,'Ánh Viên','0356970686','266/13/11, \nPhường Tân Định, \nThị xã Bến Cát, \nBình Dương',440204,1696,205,'2023-07-27 12:14:41','',1,'PENDING',NULL,'2023-07-27 12:14:41','2023-07-28 23:59:59',0),(113,'dd2023k@gmail.com',NULL,2,20901,'Hữu Thuận','0356970686','266/13/11, \nXã Hàm Tân, \nHuyện Trà Cú, \nTrà Vinh',580607,2033,214,'2023-07-27 12:15:35','',1,'PENDING',NULL,'2023-07-27 12:15:35','2023-07-28 23:59:59',0),(114,'dd2023k@gmail.com',NULL,2,20901,'Tran Cảnh','0356970686','266/13/11, \nXã Tân Lập, \nHuyện Mộc Hóa, \nLong An',490306,3227,211,'2023-07-27 12:16:26','',1,'PENDING',NULL,'2023-07-27 12:16:26','2023-07-28 23:59:59',0),(115,'dd2023k@gmail.com',NULL,2,20901,'Nguyen Tiến','0356970686','266/13/11, \nXã Gành Dầu, \nThành phố Phú Quốc, \nKiên Giang',541207,2115,219,'2023-07-27 12:17:07','',1,'PENDING',NULL,'2023-07-27 12:17:07','2023-07-28 23:59:59',0),(116,'dd2023k@gmail.com',NULL,2,18701,'Thế Anh','0934968397','12 Đường 18, \nPhường Long Tâm, \nThành phố Bà Rịa, \nBà Rịa - Vũng Tàu',520203,1667,206,'2023-07-27 13:34:19','',2,'FAIL',NULL,'2023-07-27 13:34:19','2023-07-28 23:59:59',0);
/*!40000 ALTER TABLE `orders` ENABLE KEYS */;
UNLOCK TABLES;

--
-- Table structure for table `payment_method`
--

DROP TABLE IF EXISTS `payment_method`;
/*!40101 SET @saved_cs_client     = @@character_set_client */;
/*!50503 SET character_set_client = utf8mb4 */;
CREATE TABLE `payment_method` (
  `id` int NOT NULL AUTO_INCREMENT,
  `name` varchar(120) DEFAULT NULL,
  PRIMARY KEY (`id`)
) ENGINE=InnoDB AUTO_INCREMENT=3 DEFAULT CHARSET=utf8mb3;
/*!40101 SET character_set_client = @saved_cs_client */;

--
-- Dumping data for table `payment_method`
--

LOCK TABLES `payment_method` WRITE;
/*!40000 ALTER TABLE `payment_method` DISABLE KEYS */;
INSERT INTO `payment_method` VALUES (1,'COD'),(2,'PAYPAL');
/*!40000 ALTER TABLE `payment_method` ENABLE KEYS */;
UNLOCK TABLES;

--
-- Table structure for table `product`
--

DROP TABLE IF EXISTS `product`;
/*!40101 SET @saved_cs_client     = @@character_set_client */;
/*!50503 SET character_set_client = utf8mb4 */;
CREATE TABLE `product` (
  `id` int NOT NULL AUTO_INCREMENT,
  `name` varchar(200) NOT NULL,
  `description` varchar(1000) DEFAULT NULL,
  `quantity` int DEFAULT NULL,
  `price` float DEFAULT NULL,
  `category_id` int DEFAULT NULL,
  `last_updated_by` varchar(320) DEFAULT NULL,
  `status` tinyint DEFAULT '1',
  `avatar` varchar(5000) DEFAULT NULL,
  PRIMARY KEY (`id`),
  KEY `fk_category_idx` (`category_id`),
  CONSTRAINT `fk_product_category` FOREIGN KEY (`category_id`) REFERENCES `category` (`id`) ON DELETE CASCADE ON UPDATE CASCADE
) ENGINE=InnoDB AUTO_INCREMENT=161 DEFAULT CHARSET=utf8mb3;
/*!40101 SET character_set_client = @saved_cs_client */;

--
-- Dumping data for table `product`
--

LOCK TABLES `product` WRITE;
/*!40000 ALTER TABLE `product` DISABLE KEYS */;
INSERT INTO `product` VALUES (1,'Trò chơi dẫn bóng mê cung','Trò chơi dẫn bóng mê cung được làm từ chất liệu gỗ. Kích thước 30 x 30 x 6 cm. Đồ chơi này thích hợp dành cho trẻ em hoặc làm đồ chơi xả stress trong nhóm bạn.',333,299000,2,NULL,1,'https://shopquatructuyen.com/wp-content/uploads/2019/07/tro-choi-dan-bong-me-cung-4.jpg'),(2,'Hộp bút xoay thông minh','Hộp bút đa năng có mật khẩu - Sản phẩm sáng chế. Thương hiệu: OEM',333,179000,6,NULL,1,'https://salt.tikicdn.com/cache/750x750/ts/product/70/6c/04/91dc95f2f19b2e9617fad35d7016e88f.jpg.webp'),(3,'Hộp bút Kimetsu no Yaiba','Chất liệu vải, hình ảnh in 2 mặt túiSắc nét đẹp giặt vò thoải mái, mẫu giao ngẫu nhiên',333,36000,6,NULL,1,'https://salt.tikicdn.com/cache/750x750/ts/product/89/cf/66/715597aed081cbb69783c5b85df8a9b4.jpg.webp'),(4,'Hộp đựng bút hình mèo cho bé PKS','Hộp đựng bút hình mèo cho bé là một trong những người bạn thân thiết của chúng ta trong suốt quá trình học tập. Nó đã giúp ích rất nhiều trong việc bảo quản những chiếc bút và đồ dùng nhỏ xinh khác. Chất liệu da mềm, nhẹ, bền đẹp cùng với sắc bắt mắt thoải mái cho bạn lựa chọn.',333,40000,6,NULL,1,'https://salt.tikicdn.com/cache/750x750/ts/product/d7/de/55/ae424799ec9111455ff0b2eb15f66b1d.jpg.webp'),(5,'Khung ảnh để bàn Minimalism','Khung ảnh được thiết kế theo phong cách Minimalism, hay còn gọi là phong cách tối giản - một phong trào nghệ thuật nổi lên ở New York vào những năm đầu thập niên 1960. Phong cách tối giản được hiểu là đơn giản hóa trong việc thiết kế, loại bỏ những thiết kế rườm rà, những màu sắc không cần thiết, tập trung vào sự đơn giản và đơn sắc. Bởi vậy nên những sản phẩm mang phong cách này thường rất tinh tế trong kiểu dáng, thanh lịch trong màu sắc.',333,160000,5,NULL,1,'https://anh.quatructuyen.com/media/catalog/product/cache/1/image/480x480/9df78eab33525d08d6e5fb8d27136e95/k/h/khung_anh_5.jpg'),(6,'Cốc Sứ Hai Màu','Đặc biệt ở mẫu cốc sứ in logo cốc sứ 2 màu trắng này không chỉ đẹp trong kiểu dáng lịch thiệp, hiện đại mà còn chất lượng vô cùng tốt. ',32,119000,1,NULL,1,'https://shopquatructuyen.com/wp-content/uploads/2020/10/coc-su-2-mau-5.jpg'),(7,'Con Quay Vortecon','Con quay Vortecon được làm từ thép không gỉ. Có 2 loại hình trụ hoặc hình cầu. Bạn có thể chọn loại mình thích thông qua phần ghi chú khi đặt hàng. Hiệu ứng ảo giác mà nó tạo ra là vô cùng ấn tượng.',333,199000,2,NULL,1,'https://shopquatructuyen.com/wp-content/uploads/2019/07/con-quay-vortecon-3.jpg'),(8,'Trò Chơi Bắn Bóng Rổ','Trò chơi bắn bóng rổ có kích thước chiều cao 24,5 cm, chiều rộng 13 cm và chiều dài 26 cm. Được làm từ chất liệu kim loại kết hợp với nhựa, bóng bằng cao su.  Sản phẩm có thể gấp gọn',333,199000,2,NULL,1,'https://shopquatructuyen.com/wp-content/uploads/2019/05/tro-choi-ban-bong-ro-2.jpg'),(9,'Hộp Con Dấu Chữ Cái','Hộp con dấu chữ cái được làm từ chất liệu gỗ. Các con dấu được làm theo bảng chữ cái la tinh, bao gồm cả chữ hoa và chữ thường. Ngoài ra còn có các con dấu chữ số và một số ký tự đặc biệt. Kích thước của mỗi con dấu dài 3,8 cm, rộng 0,9 cm và cao 1,2 cm.',333,219000,2,NULL,1,'https://shopquatructuyen.com/wp-content/uploads/2018/11/hop-con-dau-chu-cai-2.jpg'),(10,'Con Lắc Dao Động Vĩnh Cửu','Con lắc dao động vĩnh cửu được làm từ chất liệu nhựa là chủ đạo. Con lắc dùng pin 2A. Điểm nổi bật là những quả bóng nhiều màu sắc bắt mắt. Kích thước 10,5 x 23 cm. Con lắc có khả năng dao động liên tục không bị tác động bởi ma sát.',333,185000,2,NULL,1,'https://shopquatructuyen.com/wp-content/uploads/2018/11/con-lac-dao-dong-vinh-cuu-1.jpg'),(11,'Mô Hình Siêu Anh Hùng Marvel','Mô hình siêu anh hùng Marvel dựa trên hình tượng các nhân vật nổi tiếng trong các bộ phim chuyển thể từ truyện tranh của hãng Marvel. Sản phẩm được làm từ chất liệu nhựa tổng hợp. Sản phẩm thích hợp làm quà tặng cho trẻ em, quà tặng tết thiếu nhi.',333,329000,2,NULL,1,'https://shopquatructuyen.com/wp-content/uploads/2019/05/tuong-nguoi-nhen-spiderman-1.jpg'),(12,'Con Lắc Ra Quyết Định','Con lắc ra quyết định có kích thước chiều cao 21 cm, đường kính đế 10 cm. Phần đế chia thành 6 ô với 6 kết quả khác nhau mà người chơi phải tuân theo. Đây là món đồ chơi xả stress hiệu quả. ',333,149000,2,NULL,1,'https://shopquatructuyen.com/wp-content/uploads/2019/07/con-lac-ra-quyet-dinh-4.jpg'),(13,'Trò Chơi Xếp Gỗ','Trò chơi xếp gỗ được làm từ chất liệu gỗ tự nhiên, rất an toàn với trẻ em. Đây là một trò chơi trí tuệ, thúc đẩy phát triển khả năng tư duy của trẻ.',333,69000,2,NULL,1,'https://shopquatructuyen.com/wp-content/uploads/2019/07/tro-choi-xep-go-5.jpg'),(14,'Trò Chơi Sudoku Gỗ','Trò chơi Sudoku được làm từ gỗ tự nhiên. Trong một bộ trò chơi có rất nhiều bài khác nhau để bạn giải mã.  Khi không dùng tới bạn có thể gấp hộp gỗ lại rất gọn gàng.',333,299000,2,NULL,1,'https://shopquatructuyen.com/wp-content/uploads/2019/07/tro-choi-sudoku-go-1.jpg'),(15,'Con Quay Mezmo Top','Con quay Mezmo top được làm từ chất liệu nhôm và được chế tác bằng công nghệ CNC hiện đại. Có 3 màu sắc để lựa chọn: màu trắng, màu vàng và màu xám',333,259000,2,NULL,1,'https://shopquatructuyen.com/wp-content/uploads/2020/10/con-quay-mezmotop-4.jpg'),(16,'Đồng Hồ Cổ Để Bàn','Đồng hồ cổ để bàn được là theo phong cách cổ điển với chất liệu kim loại được sơn màu vàng đồng nhuốm màu thời gian. Trông chiếc đồng hồ tưởng chừng rất cũ kỹ nhưng thực ra lại không phải như vậy. Thiết kế cổ điển cùng với màu sắc giả cổ đã tôn lên vẻ cổ kính cho chiếc đồng hồ này.',333,499000,3,NULL,1,'https://shopquatructuyen.com/wp-content/uploads/2018/11/dong-ho-co-de-ban-1.jpg'),(17,'Đồng hồ báo thức trái tim','chiếc đồng hồ báo thức là vật dụng không thể thiếu trong cuộc sống hàng ngày của cá nhân và của gia đình. Ngày nay, dù có rất nhiều thiết bị khác nhau có chức năng xem giờ như điện thoại, máy tính, nhưng chiếc đồng hồ báo thức vẫn có giá trị sử dụng riêng. Mặt của đồng hồ báo thức trái tim được làm từ chất liệu kính.',333,380000,3,NULL,1,'https://shopquatructuyen.com/wp-content/uploads/2019/05/dong-ho-bao-thuc-trai-tim-5.jpg'),(18,'Đồng hồ báo thức cổ điển','Đồng hồ báo thức được làm theo phong cách cổ điển, được làm bằng chất liệu kim loại sơn màu đen mờ. Khi nhìn vào bạn tưởng như chúng vô cùng cũ kỹ nhưng không phải như bạn đang suy nghĩ. Thiết kế mang đậm phong cách cổ điển từ màu sắc cho tới các họa tiết trang trí bên trong với phong cách Vintage.',333,250000,3,NULL,1,'https://shopquatructuyen.com/wp-content/uploads/2019/05/dong-ho-bao-thuc-co-dien-3.jpg'),(19,'Đồng hồ dán tường DIY Clock 360','Không giống như các mẫu đồng hồ treo tường thông thường khác. Đồng hồ dán tường Diy Clock 360 là một loại đồng hồ dán tường độc đáo. Có thiết kế phá cách, không theo khuôn mẫu thông thường. Chiếc đồng hồ này gồm có 2 bộ phần chính.',333,290000,3,NULL,1,'https://shopquatructuyen.com/wp-content/uploads/2018/08/dong-ho-dan-tuong-diy-clocl-1.jpg'),(20,'Đồng hồ xe đạp 2 mặt','Đồng hồ cổ để bàn được là theo phong cách cổ điển với chất liệu kim loại được sơn màu vàng đồng nhuốm màu thời gian. Trông chiếc đồng hồ tưởng chừng rất cũ kỹ nhưng thực ra lại không phải như vậy. Thiết kế cổ điển cùng với màu sắc giả cổ đã tôn lên vẻ cổ kính cho chiếc đồng hồ này.',333,250000,3,NULL,1,'https://shopquatructuyen.com/wp-content/uploads/2019/05/dong-ho-xe-dap-2-mat-1.jpg'),(21,'Đồng hồ báo thức đèn Led','Đồng hồ có nhiều chức năng: báo ngày giờ, báo thức, nhiệt độ, ghi nhớ ngày tháng, … Đặc biệt có kèm theo bút có thể viết lên những lời ghi chú hay thông điệp muốn nhắn gửi. Đây là món quà tặng ý nghĩa cho bạn gái, hoặc làm quà sinh nhật, quà tặng bạn bè, …',333,290000,3,NULL,1,'https://shopquatructuyen.com/wp-content/uploads/2019/05/dong-ho-bao-thuc-den-led-2.jpg'),(22,'Đồng hồ báo thức Happy birthday','Đồng hồ báo thức Happy birthday được làm bằng chất liệu kim loại sơn bóng với nhiều màu sắc khác nhau cho bạn lựa chọn. Bên trong mặt số gồm 4 kim: Kim giờ, kim phút, kim giây và kim báo thức. Mặt trong đồng hồ được trang trí với nhiều chi tiết ngỗ nghĩnh, in dòng chữ Happy birtrday cách điệu trông đẹp mắt.',333,290000,3,NULL,1,'https://shopquatructuyen.com/wp-content/uploads/2019/05/dong-ho-bao-thuc-happy-birthday-1.jpg'),(23,'Mô hình đồng hồ tháp Big ben','Được lấy cảm hứng từ chiếc đồng hồ tháp Big ben của thủ đô Luân Đôn nước Anh – một trong những địa điểm nổi tiếng nhất trên Thế giới. Sản phẩm này là mô hình thu nhỏ, mô phỏng lại chiếc đồng hồ tháp Big ben. Mô hình đồng hồ tháp Big ben có phần lõi được làm từ chất liệu thủy tinh trong suốt. ',333,199000,3,NULL,1,'https://shopquatructuyen.com/wp-content/uploads/2019/04/mo-hinh-dong-ho-thap-big-ben-1.jpg'),(24,'Đồng hồ báo thức hình thỏ','Được làm từ chất liệu nhựa tổng hợp. Có nhiều màu sắc khác nhau. Có chức năng xem giờ, báo thức, có đèn Led.',333,250000,3,NULL,1,'https://shopquatructuyen.com/wp-content/uploads/2020/02/dong-ho-bao-thuc-hinh-tho-1.jpg'),(25,'Đồng hồ xe đạp 2 mặt','Bạn đang băn khăn chưa biết chọn sản phẩm nào cho riêng mình hay làm quà tặng đúng không? Hãy cùng Shop quà tặng trực tuyến tìm hiểu về 1 sản phẩm vừa làm đồ trang trí, có chức năng xem giờ, mang phong cách cổ điển sang trọng và thích hơp với nhiều không gian. Sản phẩm chúng tôi muốn giới thiệu ngay sau đây đó chính là chiếc đồng hồ xe đạp.',333,199000,3,NULL,1,'https://shopquatructuyen.com/wp-content/uploads/2018/08/dong-ho-xe-dap-co-1.jpg'),(26,'Đèn ngủ Led 3D','Sau những giờ làm việc căng thẳng, mệt mỏi, ai cũng muốn được ở bên gia đình thân yêu, ấm cúng với giấc ngủ ngon trong căn phòng nhỏ xinh. Một chiếc đèn đáng yêu không thể thiếu trong gian phòng của bạn để dễ dàng đưa bạn chìm sâu vào giấc ngủ.',333,390000,4,NULL,1,'https://shopquatructuyen.com/wp-content/uploads/2019/05/den-ngu-led-3D-1.jpg'),(27,'Đèn ngủ gà con','Đèn ngủ gà con được chia thành 2 bộ phận chính: Phần đế được làm từ nhựa ABS cao cấp, với thiết kế cách điệu giống với vỏ quả trứng khi chú gà con đang chui ra. Thiết kế hình quả trứng mang đến cho chiếc đèn này khả năng cân bằng rất tốt. Giống như những chú lật đật.',333,250000,4,NULL,1,'https://shopquatructuyen.com/wp-content/uploads/2019/05/den-ngu-ga-con-3.jpg'),(28,'Đèn ngủ mặt trăng','Đèn ngủ mặt trăng là một chiếc đèn ngủ có thiết kế rất độc đáo và ấn tượng. Chiếc đèn này được mô phỏng giống như bề mặt trên mặt trăng với những điểm lồi lõm, sáng tối khác nhau. Khi bạn nhìn vào chiếc đèn bạn có cảm tượng như đang nhìn vào mặt trăng vậy.',333,199000,4,NULL,1,'https://shopquatructuyen.com/san-pham/den-ngu-mat-trang/'),(29,'Đèn ngủ lồng kính','Đèn ngủ lồng kính được cấu tạo từ 2 phần chính. Phần thứ nhất là phần chân đế. Phần này được chế tác từ gỗ tự nhiên, nổi những đường vân gỗ rất đẹp mắt. Phần đế có gắn với dây dẫn điện và bóng đèn Led. Phần thứ 2 làm bằng thủy tinh được làm dưới dạng hình trụ, một đầu kín',333,120000,4,NULL,1,'https://shopquatructuyen.com/wp-content/uploads/2019/04/den-ngu-led-long-kinh-2.jpg'),(30,'Đèn ngủ bốt điện thoại','Hình ảnh chiếc bốt điện thoại công cộng màu đỏ nổi bật ở thủ đô Luân Đôn của nước Anh chắc chắn không còn xa lạ đối với chúng ta. Thậm chí nó còn có thể được coi như một trong những biểu tượng của thủ đô sứ sở sương mù.',333,199000,4,NULL,1,'https://shopquatructuyen.com/wp-content/uploads/2019/04/den-ngu-bot-dien-thoai-1.jpg'),(31,'Đèn ngủ 3D','Đèn ngủ 3D có cấu tạo chia thành 2 phần. Phần đế được làm từ chất liệu gỗ với màu nâu vàng tự nhiên và những đường vân rất đẹp mắt. Phần đế này được gắn những bóng đèn Led. Phần thứ 2 là phần chụp đèn được làm từ chất liệu thủy tinh. Đây cũng chính là phần tạo nên nét đặc biệt của chiếc đèn ngủ này.',333,399000,4,NULL,1,'https://shopquatructuyen.com/wp-content/uploads/2019/04/den-ngu-3D-1.jpg'),(32,'Đèn chiếu sao phiên bản 2','Đèn chiếu sao phiên bản 2 được làm từ chất liệu nhựa chủ đạo. Đèn có cấu tạo hình cầu giúp cho diện tích chiếu tỏa rộng và xa hơn. Đèn chiếu sao có thiết kế chắc chắn và kích thước lớn hơn so với phiên bản trước. Phần đế của đèn chiếu sao có nhiều màu sắc khác nhau: màu xanh, màu hồng, màu tím, …',333,199000,4,NULL,1,'https://shopquatructuyen.com/wp-content/uploads/2018/11/den-chieu-sao-phien-ban-2-2.jpg'),(33,'Đèn ngủ heo con','Đèn ngủ heo con được làm từ chất liệu nhựa ABS rất bền và an toàn. Có 2 mẫu để bạn lựa chọn: hình heo và hình gấu trúc',333,249000,4,NULL,1,'https://shopquatructuyen.com/wp-content/uploads/2018/09/den-ngu-heo-con-5.jpg'),(34,'Đèn đối lưu Lava Lamp','Đèn Lava lamp được cấu tạo cũng khá đơn giản. Bao gồm phần đế được làm từ nhôm, bên trong là hệ thống điện và 1 bóng đèn sợi đốt. Bên trên là một bình thủy tinh dày đựng 2 khối chất lỏng riêng biệt. Một khối chất lỏng trong suốt, còn 1 khối chất lỏng có màu (có nhiều màu sắc khác nhau tùy từng loại) động đặc ở nhiệt độ thường.',333,390000,4,NULL,1,'https://shopquatructuyen.com/wp-content/uploads/2018/07/den-doi-luu-lava-1.jpg'),(35,'Đèn chiếu sao','Đèn chiếu sao là một loại đèn ngủ đặc biệt. Nó có thể chiếu lên trần, tường phòng của bạn hình trăng sao, hình đôi tình nhân, …Với cấu tạo cũng tương đối đơn giản. Vỏ ngoài được làm từ chất liệu nhựa. Bên trong là những chiếc đèn Led có nhiều màu, một cơ cấu bánh răng có thể quay xung quanh trục. Nhờ bộ phận này mà thân đèn bên trên có thể quay 360 độ.',333,239000,4,NULL,1,'https://shopquatructuyen.com/wp-content/uploads/2019/05/den-chieu-sao-2.jpg'),(36,'Khung ảnh small lucky','Khung ảnh small lucky được làm từ chất liệu gỗ tự nhiên với đường vân đẹp mắt.',333,199000,5,NULL,1,'https://shopquatructuyen.com/wp-content/uploads/2020/10/khung-anh-small-lucky-3.jpg'),(37,'Khung ảnh gỗ xe đạp','Khung ảnh gỗ xe đạp bạn có thể trang trí trên bàn hoạc treo trên tường. Với thiết kế phía sau có giá đỡ bạn có thể dễ dàng đặt trên bàn mà không lo bị đổ. Hoặc với chiếc móc nhỏ xinh bạn có thể dễ dàng treo lên tường với bất cứ vị trí nào bạn muốn, treo ngang hay dọc tùy theo bức ảnh của bạn.',333,129000,5,NULL,1,'https://shopquatructuyen.com/wp-content/uploads/2019/07/khung-anh-go-xe-dap-3.jpg'),(38,'Khung ảnh gỗ 2 lớp','Khung ảnh được làm từ chất liệu gỗ tự nhiên với những đường vân gỗ rất tinh tế và đẹp mắt. Đặc biệt chiếc khung ảnh này có mặt trước được làm từ 2 lớp gỗ khác biệt ghép lại với nhau. Với 2 màu gỗ khác biệt tạo điểm nhấn và mang đến cho chiếc khung ảnh này một vẻ đẹp rất sang trọng và quyến rũ.',333,130000,5,NULL,1,'https://shopquatructuyen.com/wp-content/uploads/2019/05/khung-anh-go-2-lop-3.jpg'),(39,'Khung ảnh cổ điển','Chiếc khung ảnh này có thiết kế mang phong cổ châu Âu cổ điển. Thoạt nhìn ta sẽ có cảm giác như nó được làm từ kim loại đúc hoa văn. Tuy nhiên thực tế nó được làm từ chất liệu nhựa tổng hợp. Khung ảnh được làm với những họa tiết, hoa văn trang trí rất đẹp mắt theo phong cách cổ điển. Khung ảnh có kích thước chiều cao 23 cm, chiều rộng 18 cm. Bức ảnh bên trong có kích thước chiều cao 16cm, chiều rộ',333,199000,5,NULL,1,'https://shopquatructuyen.com/wp-content/uploads/2019/05/khung-anh-co-dien-1.jpg'),(40,'Khung ảnh mica','* Chất liệu Acrylic, không độc hại và không mùi, màn hình đa chức năng. * Có sẵn trong một hoặc hai mặt, ngang và dọc, có nhiều kích cỡ * Hai miếng acrylic dày 0,8 cm được dán lại với nhau để giữ ảnh tại chỗ. * Để đặt giấy chứng nhận, ảnh cưới, chụp ảnh, thẻ giá, nhãn, v.v.',333,169000,5,NULL,1,'https://salt.tikicdn.com/cache/750x750/ts/product/75/ae/27/2cd51de6e41f2362d0296f4f3b846740.jpg.webp'),(41,'Khung ảnh để bàn xoay ngang','- Khung ảnh dùng để trang trí, để các bức ảnh Kỷ niệm trong các phòng ngủ, phòng khách, trang trí góc làm việc, học tập',333,111000,5,NULL,1,'https://salt.tikicdn.com/cache/750x750/ts/product/56/70/43/80b99d53fc6697558e6988b41ce0fae1.jpg.webp'),(42,'Khung ảnh trong suốt anzzar','Khung ảnh để bàn nhiều kích thước, khung ảnh trong suốt Anzzar',333,75000,5,NULL,1,'https://salt.tikicdn.com/cache/750x750/ts/product/b8/b7/2e/a5767c8fc004d43255e0f799c7c3a28a.jpg.webp'),(43,'Khung ảnh bằng khen','Viền khung nhựa Hàn Quốc cao cấp giả gỗ Composite siêu bền, siêu nhẹ, -Tấm lót bằng gỗ MDF chống ẩm mốc, đảm bảo cho khung và ảnh được an toàn và bền đẹp trong khoảng thời gian lâu nhất. - có gắn móc treo ngang dọc tùy chỉnh',333,32000,5,NULL,1,'https://salt.tikicdn.com/cache/750x750/ts/product/82/b5/fe/332f9481c036b59bb79dad27142c6781.png.webp'),(44,'Khung ảnh xoay 360 độ','Khung ảnh dùng để trang trí, để các bức ảnh Kỷ niệm trong các phòng ngủ, phòng khách, trang trí góc làm việc, học tập',333,140000,5,NULL,0,'https://salt.tikicdn.com/cache/750x750/ts/product/18/97/f9/4b80cf87095e72536fe58884deced12a.jpg.webp'),(45,'Khung ảnh Hàn Quốc','Khung Ảnh Treo Tường Hàn Quốc Làm quà tặng lãng mạn cho người thân Vật Dụng hữu ích để trang trí phòng, nơi làm việc Sét bao gồm 7 khung ảnh và 7 kẹp gỗ, 1 đoạn dây thừng treo 7 khung 7 màu khác nhau, kẹp gỗ 7 màu khác nhau Đẹp mắt và ý nghĩa trong các sự kiện, họp mặt',333,25000,5,NULL,1,'https://salt.tikicdn.com/cache/750x750/ts/product/97/b0/1e/b6f9a7650d6748d0edf592b72459b60d.PNG.webp'),(46,'Chiến binh giữ bútt','Sản phẩm này là một chiếc kệ để bút được làm dưới hình dạng một chiến binh với trang phục giáp sắt thời trung cổ. Có lẽ chúng ta đã quá quen với những chiếc hộp bút thông thường. Dùng để cắm bút trên bàn học, bàn làm việc. Chiến binh giữ bút không chỉ có tác dụng để bút thông thường, nó còn có thể coi như một món đồ trang trí thú vị, cá tính và vô cùng độc đáo. Mà chắc chắn ai khi lần đầu nhìn thấ',333,389000,6,NULL,1,'https://shopquatructuyen.com/wp-content/uploads/2019/04/chien-binh-giu-but-1.jpg'),(47,'Hộp bút thủy tinh','Đúng như tên gọi của sản phẩm, hộp bút thủy tinh được làm từ chất liệu thủy tinh cao cấp. Sản phẩm được chia làm 3 khối chính. Bên phải là ngăn để cắm bút, ngăn bên trái là đồng hồ (đồng hồ thật có chức năng chỉ giờ) và ngăn ở giữa có thể dùng để cardvisit.',333,350000,6,NULL,1,'https://shopquatructuyen.com/wp-content/uploads/2019/04/hop-but-thuy-tinh-3.jpg'),(48,'Hộp bút gỗ ngăn kéo','Hộp bút gỗ ngăn kéo được làm từ chất liệu gỗ thông siêu nhẹ với những đường vân gỗ đẹp mắt. Màu gỗ đặc trưng là màu vàng nhạt nguyên bản, không sơn màu. Chiếc hộp bút này được chia làm 2 khoang chính. Khoang để bút và khoang ngăn kéo. Khoang để bút được thiết kế rất thông minh. Bạn hoàn toàn có thể thay đổi kích thước các ô để bút tùy theo nhu cầu thực tế của mình. Chỉ bằng thao tác đơn giản là rú',333,150000,6,NULL,1,'https://shopquatructuyen.com/wp-content/uploads/2018/11/hop-but-go-ngan-keo-1.jpg'),(49,'Hộp bút xe đạp','Hộp bút xe đạp trước hết nó là một chiếc hộp bút. Dùng để đựng bút đặt trên bàn học hoặc bàn làm việc. Nhưng không giống như những chiếc hộp bút thông thường khác, hộp bút xe đạp được tạo hình cách điệu hình dáng của một người đội nón đạp xe. Một hình ảnh rất đỗi quen thuộc với người Việt Nam chúng ta.',333,150000,6,NULL,1,'https://shopquatructuyen.com/wp-content/uploads/2018/11/hop-but-xe-dap-1.jpg'),(50,'Hộp bút đồng hồ cát','Hộp bút đồng hồ cát được làm từ chất liệu gỗ thông, có trọng lượng rất nhẹ. Hai chiếc đồng hồ cát được làm từ thủy tinh. Bên trong là những hạt cát màu sắc bắt mắt. Kích thước của sản phẩm có chiều dài 16,5 cm, chiều cao 10,5 cm. Thiết kế chắc chắn và không tốn nhiều diện tích. Rất thích hợp với những chiếc bàn học, bàn làm việc có kích thước nhỏ gọn, không quá rộng.',333,95000,6,NULL,1,'https://shopquatructuyen.com/wp-content/uploads/2018/08/hop-but-dong-ho-cat-1.jpg'),(51,'Hộp bút giỏ sắt','Hộp bút giỏ sắt đơn thuần là một chiếc hộp bút. Giỏ bút dùng để đựng bút trên bàn học hoặc bàn làm việc. Được làm dạng giỏ với những đường đan mắt lưới. Phần đáy của hộp bút được làm từ kim loại liền với hai kiểu để cho bạn lựa chọn: giỏ hình vuông và giỏ hình tròn.',333,60000,6,NULL,1,'https://shopquatructuyen.com/wp-content/uploads/2019/04/hop-but-gio-sat-2.jpg'),(52,'Hộp Đựng Bút Họa Tiết In Nổi 3D','Chiếc hộp bút bây giờ không chỉ đơn thuần là nơi đựng dụng cụ học tập cho bé mà chiếc hộp bút còn mang sự thẩm mỹ và nổi bật cho bé khi sử dụng. Đơn giản hộp bút còn là thời trang. Với thiết kế độc đáo in hình đẹp mắt Bên trong là lớp khung vải chia các ngăn nhỏ chứa bút và dụng cụ học tập của bé. Một bên chứa c',333,70000,6,NULL,1,'https://salt.tikicdn.com/cache/750x750/ts/product/6f/1a/50/393ce427cd6c290d7ce0e255bce63059.jpg.webp'),(53,'Hộp bút trong suốt size lớn','Hộp bút trong suốt size lớn cho bé đủ hoạ tiết xinh xắn phối hạt kim tuyến lấp lánh chuyển động lung linh làm cho hộp bút trở nên sinh động, bé thêm hứng thú Ngoài ra, với kích thước lớn của túi thì các mẹ và các bạn nữ có thể tha hồ đựng mỹ phẩm, trang sức, đồ trang điểm…ô cùng tiện lợi nhé! Với các họa tiết ngộ nghĩnh, đáng yêu, cùng các hạt kim tuyến lấp lánh di chuyển sống động, hộp bút sẽ tăn',333,29000,6,NULL,1,'https://salt.tikicdn.com/cache/750x750/ts/product/b3/a6/48/ba335a874e15f5438cca12afb8f5a49f.jpg.webp'),(54,'Hộp bút vải kèm sticker','',333,45000,6,NULL,1,'https://salt.tikicdn.com/cache/750x750/ts/product/7c/59/d3/cf8ef86391953a4a9f09e86bfc8a0fd8.jpg.webp'),(55,'Hộp đựng bút TOTORO','Hộp Đựng Bút Totoro Siêu Dễ Thương - Hộp Đựng Đồ Dùng Học Tập. Hộp bút in hình dễ thương. Chất liệu da PU, lót vải bố bên trong. Khóa may chắc chắn.',333,40000,6,NULL,1,'https://salt.tikicdn.com/cache/750x750/ts/product/a4/d3/bc/accd80f0b82a0a1a38bd3b667ff11114.jpg.webp'),(58,'Cốc Sứ Nắp Gỗ Dây Tây','Cốc Sứ Nắp Gỗ Dây Tây có chất liệu: Sứ tráng men an toàn, gỗ, silicon, Dung tích: 400ml, Kích thước: 8,5x13,5cm. Bộ sản phẩm gồm: Cốc sứ + thìa + nắp. Cốc sứ với dung tích 400ml chứa được nhiều nước thuận tiện cho quá trình sử dụng. Cốc có nắp sẽ giúp giữ được nhiệt độ của nước tốt hơn, tránh được bụi bẩn.',333,140000,1,NULL,1,'https://anh.quatructuyen.com/media/catalog/product/cache/1/image/480x480/9df78eab33525d08d6e5fb8d27136e95/c/o/coc-su-nap-go-dau-tay-0.jpg'),(59,'Cốc Sứ Vân Đá Mr Mrs','Cốc Sứ Vân Đá Mr Mrs có chất liệu : Sứ trắng tráng men an toàn, Dung tích: 450 ml',333,190000,1,NULL,1,'https://anh.quatructuyen.com/media/catalog/product/cache/1/image/480x480/9df78eab33525d08d6e5fb8d27136e95/c/o/coc_su_van_da_mr_mrs_7_.jpg'),(60,'Cốc Sứ Nắp Nơ Dễ Thương','Cốc Sứ Nắp Nơ Dễ Thương có chất liệu: Sứ trắng tráng men an toàn, Dung tích: 420 ml, Kích thước: Thìa: 17.3cm, Cốc: 8.5x11cm. Bộ sản phẩm gồm: Cốc sứ + thìa inox + nắp.  Cốc sứ mang kiểu dáng hiện đại với họa tiết nơ cách điệu mềm mại cùng với chi tiết mạ vàng nổi bật cho bạn thưởng thức những ly nước với cảm giác thật khác biệt giúp bạn yêu đời và thư thái hơn.',333,140000,1,NULL,1,'https://anh.quatructuyen.com/media/catalog/product/cache/1/image/480x480/9df78eab33525d08d6e5fb8d27136e95/c/o/coc_su_nap_no_de_thuong_8_.jpg'),(61,'Cốc Sứ Trắng Tropical','\"Cốc Sứ Trắng Phong Cách Tropical có chất liệu: Cốc được làm từ sứ tráng men, được nung ở nhiệt độ tiêu chuẩn đảm bảo an toàn cho người sử dụng.',333,160000,1,NULL,1,'https://anh.quatructuyen.com/media/catalog/product/cache/1/image/480x480/9df78eab33525d08d6e5fb8d27136e95/c/o/coc_su_trang_phong_cach_tropical_5_.jpg'),(62,'Cốc Sứ Họa Tiết Beautiful Girl','Cốc sứ họa tiết Beautiful girl có chất liệu: Gốm sứ chất lượng cao được nung ở nhiệt độ tiêu chuẩn đảm bảo an toàn cho người sử dụng. Kích thước: Cốc: chiều dài 12cm x đường kính 7.5cm, dung tích 500ml, Hộp đựng: chiều dài 10cm x chiều rộng 10cm x chiều cao 13cm',333,150000,1,NULL,1,'https://anh.quatructuyen.com/media/catalog/product/cache/1/image/480x480/9df78eab33525d08d6e5fb8d27136e95/c/_/c_c_s_h_a_ti_t_beautiful_girl_7.jpg'),(63,'Cốc Sứ Nhẫn Kim Cương Hẹn Ước','\"Cốc Sứ Nhẫn Kim Cương Hẹn Ước có chất liệu: Gốm sứ tráng men, Kích thước: 10,2x10x7,2 cm, Dung tích: 350ml\nBộ sản phẩm gồm: Cốc sứ + hộp đựng sang trọng. Màu sắc: 2 màu trắng, đen. Cốc sứ hẹn ước được làm từ chất liệu gốm sứ tráng men láng mịn, sáng bóng. Đường nét uốn lượn mềm mại, các chi tiết đều được chăm chút cẩn thận và tỉ mỉ đem đến sự hoàn hảo, tinh tế.\"',333,160000,1,NULL,1,'https://anh.quatructuyen.com/media/catalog/product/cache/1/image/480x480/9df78eab33525d08d6e5fb8d27136e95/9/5/9552802479_2077656604_1.jpg'),(64,'Cốc Sứ Có Nắp Thông Điệp Tiếng Anh','\"Cốc sứ có nắp thông điệp Tiếng Anh có chất liệu: Cốc được làm từ sứ tráng men, được nung ở nhiệt độ tiêu chuẩn đảm bảo an toàn cho người sử dụng.',333,140000,1,NULL,1,'https://anh.quatructuyen.com/media/catalog/product/cache/1/image/480x480/9df78eab33525d08d6e5fb8d27136e95/c/o/coc_su_trang_den_24__1.jpg'),(65,'Cốc sứ Chú Mèo Lắm Chiêu','Cốc sứ chú mèo lắm chiêu có chất liệu : Sứ trắng tráng men an toàn, Dung tích: 400 ml, Bộ sản phẩm gồm: Cốc sứ + thìa inox + nắp sứ. Chiếc cốc sứ được thiết kế sáng tạo với kiểu dáng chú mèo đang đứng cầm thìa giống như 1 người lính canh gác vậy, nắp cốc là đầu chú mèo với những biểu cảm hài hước vui vẻ và đến ngay cả thìa uống nước cũng được sáng tạo thành thìa cá - món ăn ưa thích của mèo.',333,180000,1,NULL,1,'https://anh.quatructuyen.com/media/catalog/product/cache/1/image/480x480/9df78eab33525d08d6e5fb8d27136e95/c/o/coc_su_meo_lam_chieu_8__2.jpg'),(66,'Cốc Sứ Đen Trắng Hàn Quốc','Cốc sứ đen trắng phong cách Hàn Quốc thiết kế kiểu dáng, màu sắc tinh tế cùng với dòng thông điệp ý nghĩa truyền cảm hứng cho bạn khi thưởng thức những ly nước. Chất liệu: Cốc được làm từ sứ tráng men, được nung ở nhiệt độ tiêu chuẩn đảm bảo an toàn cho người sử dụng. Kích thước: chiều cao 8.2cm * đường kính cốc 8.5cm. Dung tích: 300ml',333,80000,1,NULL,1,'https://anh.quatructuyen.com/media/catalog/product/cache/1/image/480x480/9df78eab33525d08d6e5fb8d27136e95/c/o/coc-su-han-quoc-8.jpg'),(67,'Cốc Sứ Kèm Đế Hâm Nóng','\"Cốc sứ kèm đế hâm nóng có công suất : 16W, Nguồn điện : 220V ~50Hz, Nhiệt độ : 52 ~ 55°C. Dung tích ly :400ml. Đường kính đế hâm : 120mm\nChất liệu : sứ cao cấp. Bộ sản phẩm gồm: 1 cốc + 1 nắp + 1 thìa inox mạ vàng + 1 đế hâm nóng. Cách sử dụng cốc đơn giản. Bạn chỉ cần cắm nguồn điện và thao tác một nút chạm là cốc sẽ bắt đầu hâm nóng và luôn giữ cho nhiệt độ ấm nóng.\"',333,145000,1,NULL,1,'https://anh.quatructuyen.com/media/catalog/product/cache/1/image/480x480/9df78eab33525d08d6e5fb8d27136e95/0/2/02-2023-coc_kem_de_ham_nong_9.jpg'),(68,'Cốc Sứ Mèo Thần Tài','Cốc sứ mèo thần tài có Đường kính: 7.5 cm, cao 15.5 cm. Bạn có thể sử dụng cốc mèo thần tài để uống sữa, pha trà hoặc cà phê… Cốc có nắp đậy nên sẽ giúp bảo quản đồ uống thơm ngon lâu hơn.',333,140000,1,NULL,1,'https://anh.quatructuyen.com/media/catalog/product/cache/1/image/480x480/9df78eab33525d08d6e5fb8d27136e95/c/o/coc-su-meo-than-tai-7_2.jpg'),(69,'Trò chơi Bowling mini','Trò chơi Bowling mini được mô phỏng theo trò chơi Bowling trong thực tế. Sản phẩm gồm: Bàn Bowling được làm từ gỗ, viên bi bằng kim loại, một bệ bắn, và 10 pin Bowling (hay còn gọi là “Ky”), một tấm chắn được làm từ nhựa. Chất liệu được làm bằng gỗ tự nhiên nên an toàn và không có hóa chất độc hại. Ngoài ra, còn có độ bền cao, không bị móp, méo, đứt gãy như đồ chơi bằng nhựa hay các vật liệu khác.',333,159000,2,NULL,1,'https://shopquatructuyen.com/wp-content/uploads/2019/05/tro-choi-bowling-mini-4.jpg'),(70,'Trò chơi tháo sắt Nhật Bản','Trò chơi tháo sắt Nhật Bản Hanayama puzzle có nhiều level để bạn lựa chọn (Xem dưới phần mô tả sản phẩm). Sản phẩm được làm từ chất liệu kim loại. Trò chơi tháo sắt Nhật Bản là món đồ chơi trí tuệ thú vị, rèn luyên khả năng tập trung và tư duy.',333,75000,2,NULL,1,'https://shopquatructuyen.com/wp-content/uploads/2019/05/thao-sat-hanayama-6.jpg'),(71,'Đồng hồ quả quýt đeo cổ bạch mã','Đồng hồ quả quýt đeo cổ bạch mã phi nước kiệu là món quà tặng ấn tượng, độc đáo, thời trang cho nam giới. Do làm từ chất liệu cao cấp nên đồng hồ vẻ ngoài sang trọng, nổi bật, thu hút ánh nhìn.',333,120000,3,NULL,1,'https://anh.quatructuyen.com/media/catalog/product/cache/1/image/480x480/9df78eab33525d08d6e5fb8d27136e95/d/o/dong-ho-qua-quyt-deo-co-bach-ma-1.jpg'),(72,'Đông hồ tranh tráng DG53','\"Kích thước : 40cm x 40cm\n Quy cách chất liệu tráng gương cao cấp: Công nghệ in Uv in trực tiếp lên mica, mực Uv Mỹ. Bề mặt tranh được phủ thêm 1 lớp nhựa epoxy bóng siêu nét. Mặt sau được đỡ thêm tấm fomex dày 8mm, Đóng khung tranh composite: trắng, đen, vàng\"',333,350000,3,NULL,1,'https://tuongxinh.com.vn/wp-content/uploads/2022/03/O1CN01ryo6Rl2BlAvtvwfkt_2208308148378.jpg_430x430q90-min-768x768.jpg'),(73,'Đèn ngủ không dây silicon hình quả lê','Đặc điểm nổi bật của đèn ngủ không dây sạc USB: Chất liệu: Silicon mềm mịn, dễ dàng vệ sinh, Kích thước sản phẩm: 11.7cm * 11.4cm * 13cm, Đèn sử dụng pin sạc dung lượng 1200mAh, cổng sạc USB, Thời gian sạc 3h, thời gian sử dụng liên tục 4h-5h, Bộ sản phẩm gồm: Đèn ngủ + dây sạc + sách hướng dẫn',333,320000,4,NULL,1,'https://anh.quatructuyen.com/media/catalog/product/cache/1/image/480x480/9df78eab33525d08d6e5fb8d27136e95/d/e/den_ngu_qua_le_3.jpg'),(74,'Đèn ngủ led hình nến ánh sáng hoa văn','Đặc điểm nổi bật của đèn ngủ ánh sáng hoa văn: Chất liệu: Nhựa , Nguồn điện sử dụng: 3 pin cúc áo, Kích thước sản phẩm: cao 18cm, đường kính đáy 6.4cm. Thân đèn ngủ có màu trong suốt, được thiết kế bề mặt kết hợp từ những góc cạnh tỉ mì. Ánh sáng từ trong thân đèn xuyên qua những bề mặt góc cạnh này phát tán tạo thành những hoa văn đẹp mắt dưới nền. Hoa văn đối xứng lấy trụ thân đèn làm tâm, giống như 1 bông hoa đang nở rộ. Nhìn vào đường hoa văn, ta thấy như đang được thưởng thức bữa tiệc ánh sáng ngay trong căn phòng ngủ của mình.',333,50000,4,NULL,1,'https://anh.quatructuyen.com/media/catalog/product/cache/1/image/480x480/9df78eab33525d08d6e5fb8d27136e95/d/e/den_ngu_hinh_nen_3.jpg'),(75,'Đèn ngủ mini trái tim hộp quà trong suốt','Đặc điểm nổi bật của đèn ngủ mini trái tim có Chất liệu : Nhựa, Kích thước: 12*7*10cm, Đèn sử dụng 3 viên pin cúc áo loại nhỏ (có sẵn trong sản phẩm), Bộ sản phẩm gồm: 1 đèn trái tim, 1 hộp đựng trong suốt. Đèn có 3 màu để bạn lựa chọn: trắng, hồng, đỏ',333,85000,4,NULL,1,'https://anh.quatructuyen.com/media/catalog/product/cache/1/image/480x480/9df78eab33525d08d6e5fb8d27136e95/d/e/den-ngu-trai-tim-2.jpg'),(76,'Khung ảnh trang trí viền hoa hồng','Sản phẩm khung viền hoa hồng được làm từ chất liệu nhựa công nghiệp cao cấp,được thiết kế vô cùng tỉ mỉ và chi tiết.Bao quanh là những bông hoa hồng tượng trưng cho tình yêu vĩnh cửu.Với hình ảnh hoa hồng tạo cho ta cảm giác thân thuộc và yêu thương hòa lẫn với màu xanh lá đem lại cho chúng ta sự hòa quyện nó tạo ra cho chúng ta sản phẩm là chiếc khung ảnh viền hoa hồng vô cùng tinh tế và đặc sắc.',333,90000,5,NULL,1,'https://anh.quatructuyen.com/media/catalog/product/cache/1/image/480x480/9df78eab33525d08d6e5fb8d27136e95/k/h/khung-anh-vien-hoa-hong.jpg'),(77,'Khung ảnh để bàn trong suốt viền kim loại','Khung ảnh có thiết kế viền kim loại bền và nhẹ, chống thấm nước, mối mọt, không bị cong vênh trong quá trình sử dụng. Viền kim loại được thiết kế gọn gàng, tinh tế. Chân đỡ khung được thiết kế thông minh, có thể linh hoạt điều chỉnh. Chất liệu: Kính + kim loại',333,240000,5,NULL,1,'https://anh.quatructuyen.com/media/catalog/product/cache/1/image/480x480/9df78eab33525d08d6e5fb8d27136e95/k/h/khung_anh_trong_suot_8.jpg'),(78,'Cốc Sứ Nốt Nhạc','Cốc sứ nốt nhạc được làm từ chất liệu sứ cao cấp với men trắng bóng.Trên thân cốc được in họa tiết đàn piano, nốt nhạc với màu đen tương phản rất đẹp mắt.Cốc sứ nốt nhạc đi kèm với nắp gỗ và thìa inox. Thể tích khoảng 400 ml.',333,139000,1,NULL,1,'https://shopquatructuyen.com/wp-content/uploads/2020/10/coc-su-not-nhac-5.jpg'),(79,'Cốc Sứ Hình Hoa','Cốc sứ hình hoa được làm từ chất liệu sứ với nước men bóng chống bám bẩn. Cốc có quai, nắp sứ và đi kèm với chiếc muôi inox. Kích thước chiều cao 12,5 cm. Đường kính miệng cốc 8 cm.',333,119000,1,NULL,1,'https://shopquatructuyen.com/wp-content/uploads/2019/04/coc-su-hinh-hoa-6.jpg'),(80,'Cốc Phát Sáng','Cốc phát sáng làm từ chất liệu nhựa cứng. Sản phẩm dùng pin. Có chức năng tự động sáng khi rót nước. Khi hết nước cốc sẽ tự tắt. Đèn Led phát sáng đổi màu liên tục',333,89000,1,NULL,1,'https://shopquatructuyen.com/wp-content/uploads/2018/07/coc-phat-sang-1.jpg'),(81,'Cốc Tự Khuấy','Kích thước chiều cao 11,5 cm, chiều rộng 13 cm. Cốc sử dụng pin 3A. Có nhiều màu sắc để bạn lựa chọn. Cốc tự khuấy với chất liệu nhựa cao cấp và thép không gỉ',333,165000,1,NULL,1,'https://shopquatructuyen.com/wp-content/uploads/2018/09/coc-tu-khuay-1.jpg'),(82,'Con Quay Solar System','Con quay Solar system hay còn được gọi với tên con quay hệ mặt trời Sản phẩm được làm chủ yếu từ chất liệu nhựa, kích thước đóng gói 20 x 30 x 11 cm.',333,419000,2,NULL,1,'https://shopquatructuyen.com/wp-content/uploads/2020/10/con-lac-soler-system-1.jpg'),(83,'Bộ Cốc Sứ Mèo Hello Kitty','Bộ cốc sứ mèo Hello Kitty gồm 4 chiếc cốc đi kèm với giá đỡ bằng inox không gỉ.Cốc được làm từ chất liệu gốm sứ với nước men bóng, tránh bám bẩn.',333,199000,1,NULL,1,'https://shopquatructuyen.com/wp-content/uploads/2019/04/bo-coc-su-meo-hellokitty-1.jpg'),(84,'Bộ Cốc Sứ Tháp Eiffel x4','Bộ cốc được làm từ chất liệu sứ cao cấp với lớp men phủ bóng màu trắng sứ siêu nhẵn mịn.Dễ dàng chùi rửa sau mỗi lần sử dụng.Trên thân cốc được in họa tiết tháp Eiffel màu nâu mang phong cách cổ điển.Kích thước bộ cốc cao 21 cm. Đường kính miệng cốc là 7 cm',333,199000,1,NULL,1,'https://shopquatructuyen.com/wp-content/uploads/2018/07/bo-coc-su-thap-eiffel-2.jpg'),(85,'Cốc Sứ EXO','Cốc sứ EXO được làm từ sứ cao cấp, có nước men sáng bóng. Cốc có nắp và muôi sứ đi kèm.Kích thước chiều cao cốc 12 cm, chiều rộng 11 cm, dung tích khoảng 250ml.Thân cốc được in họa tiết của ban nhạc EXO của Hàn Quốc.',10,59000,1,NULL,1,'https://shopquatructuyen.com/wp-content/uploads/2018/11/coc-su-exo-2.jpg'),(160,'Cầu tuyết phi hành gia','Cầu tuyết rất đẹp.',12,100000,22,NULL,0,'https://work.download/image/oCLiiX1gShHe.jpg');
/*!40000 ALTER TABLE `product` ENABLE KEYS */;
UNLOCK TABLES;

--
-- Table structure for table `product_image`
--

DROP TABLE IF EXISTS `product_image`;
/*!40101 SET @saved_cs_client     = @@character_set_client */;
/*!50503 SET character_set_client = utf8mb4 */;
CREATE TABLE `product_image` (
  `id` int NOT NULL AUTO_INCREMENT,
  `url` varchar(1000) DEFAULT NULL,
  `product_id` int DEFAULT NULL,
  `is_main` tinyint DEFAULT NULL,
  PRIMARY KEY (`id`),
  KEY `fk_product_idx` (`product_id`),
  CONSTRAINT `fk_image_product` FOREIGN KEY (`product_id`) REFERENCES `product` (`id`) ON DELETE CASCADE ON UPDATE CASCADE
) ENGINE=InnoDB AUTO_INCREMENT=62 DEFAULT CHARSET=utf8mb4 COLLATE=utf8mb4_0900_ai_ci;
/*!40101 SET character_set_client = @saved_cs_client */;

--
-- Dumping data for table `product_image`
--

LOCK TABLES `product_image` WRITE;
/*!40000 ALTER TABLE `product_image` DISABLE KEYS */;
INSERT INTO `product_image` VALUES (1,'https://shopquatructuyen.com/wp-content/uploads/2020/02/coc-su-hinh-tho-1.jpg',3,1),(2,'https://shopquatructuyen.com/wp-content/uploads/2019/04/coc-dau-lau-2.jpg',5,1),(3,'https://shopquatructuyen.com/wp-content/uploads/2020/10/coc-su-2-mau-5.jpg',NULL,1),(4,'https://shopquatructuyen.com/wp-content/uploads/2018/11/coc-su-exo-2.jpg',7,1),(5,'https://shopquatructuyen.com/wp-content/uploads/2018/07/bo-coc-su-thap-eiffel-2.jpg',8,1),(6,'https://shopquatructuyen.com/wp-content/uploads/2019/04/bo-coc-su-meo-hellokitty-1.jpg',9,1),(7,'https://shopquatructuyen.com/wp-content/uploads/2020/10/coc-su-not-nhac-5.jpg',10,1),(8,'https://shopquatructuyen.com/wp-content/uploads/2019/04/coc-su-hinh-hoa-6.jpg',11,1),(9,'https://shopquatructuyen.com/wp-content/uploads/2018/07/coc-phat-sang-1.jpg',12,1),(10,'https://shopquatructuyen.com/wp-content/uploads/2018/09/coc-tu-khuay-1.jpg',13,1),(11,'https://shopquatructuyen.com/wp-content/uploads/2020/10/con-lac-soler-system-1.jpg',14,1),(12,'https://shopquatructuyen.com/wp-content/uploads/2020/10/con-quay-mezmotop-4.jpg',15,1),(13,'https://shopquatructuyen.com/wp-content/uploads/2019/07/tro-choi-sudoku-go-1.jpg',16,1),(14,'https://shopquatructuyen.com/wp-content/uploads/2019/07/tro-choi-xep-go-5.jpg',17,1),(15,'https://shopquatructuyen.com/wp-content/uploads/2019/07/con-lac-ra-quyet-dinh-4.jpg',18,1),(16,'https://shopquatructuyen.com/wp-content/uploads/2019/05/tuong-nguoi-nhen-spiderman-1.jpg',19,1),(17,'https://shopquatructuyen.com/wp-content/uploads/2018/11/con-lac-dao-dong-vinh-cuu-1.jpg',20,1),(18,'https://shopquatructuyen.com/wp-content/uploads/2018/11/hop-con-dau-chu-cai-2.jpg',21,1),(19,'https://shopquatructuyen.com/wp-content/uploads/2019/05/tro-choi-ban-bong-ro-2.jpg',22,1),(20,'https://shopquatructuyen.com/wp-content/uploads/2019/07/con-quay-vortecon-3.jpg',23,1),(21,'https://shopquatructuyen.com/wp-content/uploads/2018/11/dong-ho-co-de-ban-1.jpg',24,1),(22,'https://shopquatructuyen.com/wp-content/uploads/2019/05/dong-ho-bao-thuc-trai-tim-5.jpg',25,1),(23,'https://shopquatructuyen.com/wp-content/uploads/2019/05/dong-ho-bao-thuc-co-dien-3.jpg',26,1),(24,'https://shopquatructuyen.com/wp-content/uploads/2018/08/dong-ho-dan-tuong-diy-clocl-1.jpg',27,1),(25,'https://shopquatructuyen.com/wp-content/uploads/2019/05/dong-ho-xe-dap-2-mat-1.jpg',28,1),(26,'https://shopquatructuyen.com/wp-content/uploads/2019/05/dong-ho-bao-thuc-den-led-2.jpg',29,1),(27,'https://shopquatructuyen.com/wp-content/uploads/2019/05/dong-ho-bao-thuc-happy-birthday-1.jpg',30,1),(28,'https://shopquatructuyen.com/wp-content/uploads/2019/04/mo-hinh-dong-ho-thap-big-ben-1.jpg',31,1),(29,'https://shopquatructuyen.com/wp-content/uploads/2020/02/dong-ho-bao-thuc-hinh-tho-1.jpg',32,1),(30,'https://shopquatructuyen.com/wp-content/uploads/2018/08/dong-ho-xe-dap-co-1.jpg',33,1),(32,'https://shopquatructuyen.com/wp-content/uploads/2019/05/den-ngu-led-3D-1.jpg',34,1),(33,'https://shopquatructuyen.com/wp-content/uploads/2019/05/den-ngu-ga-con-3.jpg',35,1),(34,'https://shopquatructuyen.com/wp-content/uploads/2019/05/den-ngu-mat-trang-3.jpg',36,1),(35,'https://shopquatructuyen.com/wp-content/uploads/2019/04/den-ngu-led-long-kinh-2.jpg',37,1),(36,'https://shopquatructuyen.com/wp-content/uploads/2019/04/den-ngu-bot-dien-thoai-1.jpg',38,1),(37,'https://shopquatructuyen.com/wp-content/uploads/2019/04/den-ngu-3D-1.jpg',39,1),(38,'https://shopquatructuyen.com/wp-content/uploads/2018/11/den-chieu-sao-phien-ban-2-2.jpg',40,1),(39,'https://shopquatructuyen.com/wp-content/uploads/2018/09/den-ngu-heo-con-5.jpg',41,1),(40,'https://shopquatructuyen.com/wp-content/uploads/2018/07/den-doi-luu-lava-1.jpg',42,1),(41,'https://shopquatructuyen.com/wp-content/uploads/2019/05/den-chieu-sao-2.jpg',43,1),(42,'https://shopquatructuyen.com/wp-content/uploads/2020/10/khung-anh-small-lucky-3.jpg',44,1),(43,'https://shopquatructuyen.com/wp-content/uploads/2019/07/khung-anh-go-xe-dap-3.jpg',45,1),(44,'https://shopquatructuyen.com/wp-content/uploads/2019/05/khung-anh-go-2-lop-3.jpg',46,1),(45,'https://shopquatructuyen.com/wp-content/uploads/2019/05/khung-anh-co-dien-1.jpg',47,1),(46,'https://salt.tikicdn.com/cache/750x750/ts/product/75/ae/27/2cd51de6e41f2362d0296f4f3b846740.jpg.webp',48,1),(47,'https://salt.tikicdn.com/cache/750x750/ts/product/56/70/43/80b99d53fc6697558e6988b41ce0fae1.jpg.webp',49,1),(48,'https://salt.tikicdn.com/cache/750x750/ts/product/b8/b7/2e/a5767c8fc004d43255e0f799c7c3a28a.jpg.webp',50,1),(49,'https://salt.tikicdn.com/cache/750x750/ts/product/82/b5/fe/332f9481c036b59bb79dad27142c6781.png.webp',51,1),(50,'https://salt.tikicdn.com/cache/750x750/ts/product/18/97/f9/4b80cf87095e72536fe58884deced12a.jpg.webp',52,1),(51,'https://salt.tikicdn.com/cache/750x750/ts/product/97/b0/1e/b6f9a7650d6748d0edf592b72459b60d.PNG.webp',53,1),(52,'https://shopquatructuyen.com/wp-content/uploads/2019/04/chien-binh-giu-but-1.jpg',54,1),(53,'https://shopquatructuyen.com/wp-content/uploads/2019/04/hop-but-thuy-tinh-3.jpg',55,1),(56,'https://shopquatructuyen.com/wp-content/uploads/2018/08/hop-but-dong-ho-cat-1.jpg',58,1),(57,'https://shopquatructuyen.com/wp-content/uploads/2019/04/hop-but-gio-sat-2.jpg',59,1),(58,'https://salt.tikicdn.com/cache/750x750/ts/product/6f/1a/50/393ce427cd6c290d7ce0e255bce63059.jpg.webp',60,1),(59,'https://salt.tikicdn.com/cache/750x750/ts/product/b3/a6/48/ba335a874e15f5438cca12afb8f5a49f.jpg.webp',61,1),(60,'https://salt.tikicdn.com/cache/750x750/ts/product/7c/59/d3/cf8ef86391953a4a9f09e86bfc8a0fd8.jpg.webp',62,1),(61,'https://salt.tikicdn.com/cache/750x750/ts/product/a4/d3/bc/accd80f0b82a0a1a38bd3b667ff11114.jpg.webp',63,1);
/*!40000 ALTER TABLE `product_image` ENABLE KEYS */;
UNLOCK TABLES;

--
-- Table structure for table `review`
--

DROP TABLE IF EXISTS `review`;
/*!40101 SET @saved_cs_client     = @@character_set_client */;
/*!50503 SET character_set_client = utf8mb4 */;
CREATE TABLE `review` (
  `id` int NOT NULL AUTO_INCREMENT,
  `email` varchar(320) NOT NULL,
  `order_detail_id` int NOT NULL,
  `comment` varchar(400) DEFAULT NULL,
  `rating` float DEFAULT NULL,
  `enable` tinyint DEFAULT '1',
  PRIMARY KEY (`id`),
  UNIQUE KEY `unique_key_email_order_detail_id` (`email`,`order_detail_id`),
  KEY `fk_user_idx` (`email`),
  KEY `fk_order_detail_idx` (`order_detail_id`),
  CONSTRAINT `fk_review_order_detail` FOREIGN KEY (`order_detail_id`) REFERENCES `order_detail` (`id`),
  CONSTRAINT `fk_review_user` FOREIGN KEY (`email`) REFERENCES `user` (`email`) ON UPDATE CASCADE
) ENGINE=InnoDB DEFAULT CHARSET=utf8mb3;
/*!40101 SET character_set_client = @saved_cs_client */;

--
-- Dumping data for table `review`
--

LOCK TABLES `review` WRITE;
/*!40000 ALTER TABLE `review` DISABLE KEYS */;
/*!40000 ALTER TABLE `review` ENABLE KEYS */;
UNLOCK TABLES;

--
-- Table structure for table `role`
--

DROP TABLE IF EXISTS `role`;
/*!40101 SET @saved_cs_client     = @@character_set_client */;
/*!50503 SET character_set_client = utf8mb4 */;
CREATE TABLE `role` (
  `id` int NOT NULL AUTO_INCREMENT,
  `name` varchar(45) NOT NULL,
  PRIMARY KEY (`id`),
  UNIQUE KEY `name_UNIQUE` (`name`)
) ENGINE=InnoDB AUTO_INCREMENT=4 DEFAULT CHARSET=utf8mb4 COLLATE=utf8mb4_0900_ai_ci;
/*!40101 SET character_set_client = @saved_cs_client */;

--
-- Dumping data for table `role`
--

LOCK TABLES `role` WRITE;
/*!40000 ALTER TABLE `role` DISABLE KEYS */;
INSERT INTO `role` VALUES (1,'ROLE_CUSTOMER'),(3,'ROLE_MANAGER'),(2,'ROLE_STAFF');
/*!40000 ALTER TABLE `role` ENABLE KEYS */;
UNLOCK TABLES;

--
-- Table structure for table `user`
--

DROP TABLE IF EXISTS `user`;
/*!40101 SET @saved_cs_client     = @@character_set_client */;
/*!50503 SET character_set_client = utf8mb4 */;
CREATE TABLE `user` (
  `email` varchar(320) NOT NULL,
  `role_id` int DEFAULT NULL,
  `username` varchar(45) NOT NULL,
  `password` varchar(80) NOT NULL,
  `first_name` varchar(50) DEFAULT NULL,
  `last_name` varchar(50) NOT NULL,
  `gender` tinyint DEFAULT NULL,
  `phone` varchar(20) DEFAULT NULL,
  `yob` int DEFAULT NULL,
  `avatar` varchar(5000) DEFAULT NULL,
  `address` varchar(400) DEFAULT NULL,
  `ward_code` int DEFAULT NULL,
  `enabled` tinyint DEFAULT '1',
  `reset_password_token` varchar(45) DEFAULT NULL,
  `expired_vertification_code` datetime DEFAULT NULL,
  PRIMARY KEY (`email`),
  UNIQUE KEY `usename_UNIQUE` (`username`),
  KEY `fk_user_role_idx` (`role_id`),
  KEY `fk_user_to_role_idx` (`role_id`)
) ENGINE=InnoDB DEFAULT CHARSET=utf8mb3;
/*!40101 SET character_set_client = @saved_cs_client */;

--
-- Dumping data for table `user`
--

LOCK TABLES `user` WRITE;
/*!40000 ALTER TABLE `user` DISABLE KEYS */;
INSERT INTO `user` VALUES ('adamgodsfsdfodwin@example.org',1,'huynhan','$2a$10$eiGJNzsBj.TKTG72BRRMteJlOIBv9x3KoaTAbzYKaX652FUB17pzG','','Scottie',NULL,'0934968393',1934,NULL,'ĐH FPT, Đường D1',NULL,0,NULL,NULL),('adamgoodwin@example.org',1,'quochuy','$2a$10$f3THByWtH4veBjpUvZQ0LegCa9mckDGAB937o0AvM2y6nz1OfzlWy','','Scottie',NULL,'0934968356',1900,NULL,'ĐH FPT, Đường D1',NULL,0,NULL,NULL),('adasdamgoodwin@example.org',1,'quyet1234567','$2a$10$f3THByWtH4veBjpUvZQ0LegCa9mckDGAB937o0AvM2y6nz1OfzlWy',NULL,'Tran Quyet',NULL,'0934968393',NULL,NULL,NULL,NULL,1,NULL,NULL),('afsdfsfds@example.org',1,'andanysd','$2a$10$eiGJNzsBj.TKTG72BRRMteJlOIBv9x3KoaTAbzYKaX652FUB17pzG','','Andyeie',NULL,'0937968356',1900,NULL,'ĐH FPT, Đường D1',NULL,0,NULL,NULL),('ambermassey@example.org',1,'AaronLucas','$2a$10$f3THByWtH4veBjpUvZQ0LegCa9mckDGAB937o0AvM2y6nz1OfzlWy','Carolyn','Marshall',NULL,NULL,NULL,NULL,NULL,NULL,1,NULL,NULL),('andrea38@example.com',2,'ElizabethSmith','ElizabethSmith','David','Wilson',NULL,NULL,NULL,NULL,NULL,NULL,1,NULL,NULL),('ashleypowell@example.net',2,'RebeccaWilson','RebeccaWilson','Kristen','Phillips',NULL,NULL,NULL,NULL,NULL,NULL,1,NULL,NULL),('carolthompson@example.com',2,'MatthewLe','MatthewLe','Nathan','Miller',NULL,NULL,NULL,NULL,NULL,NULL,1,NULL,NULL),('ccarney@example.com',2,'ChasePhillips','ChasePhillips','Richard','Gonzales',NULL,NULL,NULL,NULL,NULL,NULL,1,NULL,NULL),('csanchez@example.com',2,'JamesNguyen','JamesNguyen','Dennis','Wolf',NULL,NULL,NULL,NULL,NULL,NULL,1,NULL,NULL),('customer@gmail.com',1,'customer','$2a$10$eiGJNzsBj.TKTG72BRRMteJlOIBv9x3KoaTAbzYKaX652FUB17pzG','','Customer',NULL,NULL,NULL,NULL,NULL,NULL,1,NULL,NULL),('dd2023k2@gmail.com',1,'quyett2','$2a$10$gpzQLin8pi/t89/3xA.bgOsTE6hRuiN0tMWGKm0JvtVG8I81moeAu',NULL,'Thế Anh',NULL,'0356970686',NULL,NULL,NULL,NULL,1,NULL,NULL),('dd2023k@gmail.com',1,'quyettran','$2a$10$ILextZZJbCA5pX5d3KBb0ed3fhlQ7xac7MyEY1bJSysnPeadu24ve','','Quyết Trần',NULL,'0934868394',1995,NULL,'ĐH FPT, Đường D1',NULL,1,NULL,'2023-07-27 13:34:44'),('dd202adsdasdas3k@gmail.com',1,'quyet123456','$2a$10$5IBhgQ3UwLNgwBHxDHBb6OtRgKA9p.61hmJCBxdgorWKV3UEd/OZG',NULL,'Tran C Quyet',NULL,'0934968393',NULL,NULL,NULL,NULL,1,NULL,NULL),('djohnson@example.net',2,'TylerSantiago','TylerSantiago','Joshua','Lowery',NULL,NULL,NULL,NULL,NULL,NULL,0,NULL,NULL),('eatonamanda@example.com',2,'TimothyHernandez','TimothyHernandez','Sandra','Spears',NULL,NULL,NULL,NULL,NULL,NULL,1,NULL,NULL),('fweiss@example.net',2,'CassidyJohnson','CassidyJohnson','Jennifer','Ruiz',NULL,NULL,NULL,NULL,NULL,NULL,1,NULL,NULL),('goldenantonio@example.org',2,'MichaelTodd','MichaelTodd','Shawn','Ware',NULL,NULL,NULL,NULL,NULL,NULL,1,NULL,NULL),('grantmichael@example.net',2,'TaylorColon','TaylorColon','Joseph','Carlson',NULL,NULL,NULL,NULL,NULL,NULL,1,NULL,NULL),('haanhdasdsad@gmail.com',2,'nhanvienmoi','$2a$10$eiGJNzsBj.TKTG72BRRMteJlOIBv9x3KoaTAbzYKaX652FUB17pzG',NULL,'Hạ Anh',NULL,'0934968356',1900,NULL,'ĐH FPT, Đường D1',NULL,1,NULL,NULL),('haminh@gmail.co',2,'haminh','$2a$10$eiGJNzsBj.TKTG72BRRMteJlOIBv9x3KoaTAbzYKaX652FUB17pzG',NULL,'haminh',NULL,'0934968356',1910,NULL,'ĐH FPT, Đường D1',NULL,1,NULL,NULL),('hommiesstorettdq@gmail.com',1,'thiennguyen','$2a$10$f3THByWtH4veBjpUvZQ0LegCa9mckDGAB937o0AvM2y6nz1OfzlWy',NULL,'Thien',NULL,NULL,NULL,NULL,NULL,NULL,1,NULL,NULL),('jameswilliams@example.com',2,'JosephHicks','JosephHicks','Duane','Ferrell',NULL,NULL,NULL,NULL,NULL,NULL,1,NULL,NULL),('jasmineking@example.org',2,'MitchellFields','MitchellFields','Pamela','Bell',NULL,NULL,NULL,NULL,NULL,NULL,1,NULL,NULL),('jason16@example.org',2,'MelissaJones','MelissaJones','Miguel','Phillips',NULL,NULL,NULL,NULL,NULL,NULL,1,NULL,NULL),('john17@example.org',2,'AnthonyBoyd','AnthonyBoyd','Victor','Santiago',NULL,NULL,NULL,NULL,NULL,NULL,1,NULL,NULL),('karengutierrez@example.com',2,'EileenMelendez','EileenMelendez','Zoe','Day',NULL,NULL,NULL,NULL,NULL,NULL,1,NULL,NULL),('lananh@gmail.com',2,'lananh','$2a$10$eiGJNzsBj.TKTG72BRRMteJlOIBv9x3KoaTAbzYKaX652FUB17pzG','','Lan Anh',NULL,'0987654332',2002,NULL,'ĐH FPT, Đường',NULL,0,NULL,NULL),('leminh@gmail.com',1,'leminh','$2a$10$Gvqgl21ltBvqgTH3DB3bL.zEgqQp3bB74iRP4foqJ3CF9uufzUilm',NULL,'Le Minh',NULL,'',NULL,NULL,NULL,NULL,1,NULL,NULL),('lindsay30@example.com',2,'NatashaWheeler','NatashaWheeler','Dean','Cooper',NULL,NULL,NULL,NULL,NULL,NULL,1,NULL,NULL),('manager@gmail.com',3,'manager','$2a$10$eiGJNzsBj.TKTG72BRRMteJlOIBv9x3KoaTAbzYKaX652FUB17pzG','','Manager',NULL,'0934968357',1960,NULL,'ĐH FPT, Đường D1',NULL,1,NULL,NULL),('marquezelizabeth@example.com',2,'LisaBell','LisaBell','Valerie','Jones',NULL,NULL,NULL,NULL,NULL,NULL,1,NULL,NULL),('matthew92@example.org',2,'JustinNewton','JustinNewton','Ashley','Valencia',NULL,NULL,NULL,NULL,NULL,NULL,1,NULL,NULL),('michael40@example.org',2,'RichardSullivan','RichardSullivan','Barbara','Griffith',NULL,NULL,NULL,NULL,NULL,NULL,1,NULL,NULL),('minhdang12331@gmail.com',1,'minhdang12331','$2a$10$SQsITp8QHiG1DrDCidBv.OdXDICaQGfXt6anzsZE/UewQI2WdH5n.',NULL,'Minh Đăng',NULL,'0937968358',NULL,NULL,NULL,NULL,1,NULL,NULL),('minhle@gmail.com',1,'minhle','$2a$10$XUqLH7imYpHLI2o/ozVw6eQ6/wBxCRgyfDtTnvty1CecItmXaefgi',NULL,'minhle',NULL,'',NULL,NULL,NULL,NULL,1,NULL,NULL),('mtorres@example.org',2,'ManuelCox','ManuelCox','Robert','Howard',NULL,NULL,NULL,NULL,NULL,NULL,1,NULL,NULL),('navarroronald@example.net',2,'KimberlyStanley','KimberlyStanley','Scott','Rogers',NULL,NULL,NULL,NULL,NULL,NULL,1,NULL,NULL),('ochandler@example.net',2,'NicholasFischer','NicholasFischer','Emily','Alvarado',NULL,NULL,NULL,NULL,NULL,NULL,1,NULL,NULL),('oritter@example.com',2,'StephanieJones','StephanieJones','Donald','Stone',NULL,NULL,NULL,NULL,NULL,NULL,1,NULL,NULL),('oscott@example.net',2,'KevinLamb','KevinLamb','Adam','Hughes',NULL,NULL,NULL,NULL,NULL,NULL,1,NULL,NULL),('payala@example.net',2,'AnthonyLopez','AnthonyLopez','Luke','Daniel',NULL,NULL,NULL,NULL,NULL,NULL,1,NULL,NULL),('petersonjames@example.net',2,'PaulLivingston','PaulLivingston','Kelsey','Spencer',NULL,NULL,NULL,NULL,NULL,NULL,1,NULL,NULL),('quyetle@gmail.com',1,'quyetle','$2a$10$yj6CJeDGRaV3vD8.td9zpe4Micld44sFJJqbyagjgCamAejo4TAe.',NULL,'Hoang Anh',NULL,'',NULL,NULL,NULL,NULL,1,NULL,NULL),('ryan32@example.org',2,'RitaLynch','RitaLynch','Robin','Williams',NULL,NULL,NULL,NULL,NULL,NULL,1,NULL,NULL),('shepardaaron@example.org',2,'AmberBrock','AmberBrock','Karen','Lawrence',NULL,NULL,NULL,NULL,NULL,NULL,1,NULL,NULL),('staff@gmail.com',2,'staff','$2a$10$eiGJNzsBj.TKTG72BRRMteJlOIBv9x3KoaTAbzYKaX652FUB17pzG','','Staff',NULL,NULL,NULL,NULL,NULL,NULL,1,NULL,NULL),('theanh123@gmail.com',1,'theanh123','$2a$10$fkHgzVPV6MIFyD.2wDMen.mGStQrh0ecNPutctuwJHpe9M98KpwL.',NULL,'Thế Anh',NULL,'0934968356',NULL,NULL,NULL,NULL,1,NULL,NULL),('theanh@gmail.com',1,'theanh','$2a$10$omk3TPBSO6HL6B3BEREJIeaJLzy62viBEl7oa/EroULHKrAIJhKaO',NULL,'Thế Anh',NULL,'',NULL,NULL,NULL,NULL,1,NULL,NULL),('tranlinhlg1112@gmail.com',1,'tranlinh','$2a$10$f3THByWtH4veBjpUvZQ0LegCa9mckDGAB937o0AvM2y6nz1OfzlWy',NULL,'Linh',NULL,NULL,NULL,NULL,NULL,NULL,1,NULL,NULL),('tranquyet02588x1112002@gmail.com',1,'nguyentan','$2a$10$f3THByWtH4veBjpUvZQ0LegCa9mckDGAB937o0AvM2y6nz1OfzlWy',NULL,'Tan Nguyen',NULL,NULL,NULL,NULL,NULL,NULL,1,NULL,NULL),('tranwibu02588@gmail.com',1,'tranwibu','$2a$10$f3THByWtH4veBjpUvZQ0LegCa9mckDGAB937o0AvM2y6nz1OfzlWy',NULL,'Wibu Tran',NULL,NULL,NULL,NULL,NULL,NULL,1,NULL,NULL);
/*!40000 ALTER TABLE `user` ENABLE KEYS */;
UNLOCK TABLES;
/*!40103 SET TIME_ZONE=@OLD_TIME_ZONE */;

/*!40101 SET SQL_MODE=@OLD_SQL_MODE */;
/*!40014 SET FOREIGN_KEY_CHECKS=@OLD_FOREIGN_KEY_CHECKS */;
/*!40014 SET UNIQUE_CHECKS=@OLD_UNIQUE_CHECKS */;
/*!40101 SET CHARACTER_SET_CLIENT=@OLD_CHARACTER_SET_CLIENT */;
/*!40101 SET CHARACTER_SET_RESULTS=@OLD_CHARACTER_SET_RESULTS */;
/*!40101 SET COLLATION_CONNECTION=@OLD_COLLATION_CONNECTION */;
/*!40111 SET SQL_NOTES=@OLD_SQL_NOTES */;

-- Dump completed on 2023-07-27 13:48:37
